-- MySQL dump 10.13  Distrib 5.1.41, for debian-linux-gnu (i486)
--
-- Host: localhost    Database: buttonfootball
-- ------------------------------------------------------
-- Server version	5.1.41-3ubuntu12.1

/*!40101 SET @OLD_CHARACTER_SET_CLIENT=@@CHARACTER_SET_CLIENT */;
/*!40101 SET @OLD_CHARACTER_SET_RESULTS=@@CHARACTER_SET_RESULTS */;
/*!40101 SET @OLD_COLLATION_CONNECTION=@@COLLATION_CONNECTION */;
/*!40101 SET NAMES utf8 */;
/*!40103 SET @OLD_TIME_ZONE=@@TIME_ZONE */;
/*!40103 SET TIME_ZONE='+00:00' */;
/*!40014 SET @OLD_UNIQUE_CHECKS=@@UNIQUE_CHECKS, UNIQUE_CHECKS=0 */;
/*!40014 SET @OLD_FOREIGN_KEY_CHECKS=@@FOREIGN_KEY_CHECKS, FOREIGN_KEY_CHECKS=0 */;
/*!40101 SET @OLD_SQL_MODE=@@SQL_MODE, SQL_MODE='NO_AUTO_VALUE_ON_ZERO' */;
/*!40111 SET @OLD_SQL_NOTES=@@SQL_NOTES, SQL_NOTES=0 */;

--
-- Current Database: `buttonfootball`
--

CREATE DATABASE /*!32312 IF NOT EXISTS*/ `buttonfootball` /*!40100 DEFAULT CHARACTER SET latin1 */;

USE `buttonfootball`;

--
-- Table structure for table `CHAMPIONSHIP`
--

DROP TABLE IF EXISTS `CHAMPIONSHIP`;
/*!40101 SET @saved_cs_client     = @@character_set_client */;
/*!40101 SET character_set_client = utf8 */;
CREATE TABLE `CHAMPIONSHIP` (
  `ID` int(10) unsigned NOT NULL AUTO_INCREMENT,
  `COD_TYPE` varchar(2) NOT NULL,
  `NUM_EDITION` int(10) unsigned NOT NULL,
  `DT_CREATION` varchar(10) NOT NULL,
  `DT_END` varchar(10) DEFAULT NULL,
  `NUM_TEAMS` smallint(5) unsigned NOT NULL,
  `NUM_CLASSIF` smallint(5) unsigned NOT NULL,
  `COD_STATUS` varchar(1) NOT NULL,
  PRIMARY KEY (`ID`),
  KEY `FK_CHAMPIONSHIP_STATUS` (`COD_STATUS`),
  KEY `FK_CHAMPIONSHIP_TYPE` (`COD_TYPE`),
  CONSTRAINT `FK_CHAMPIONSHIP_STATUS` FOREIGN KEY (`COD_STATUS`) REFERENCES `CHAMPIONSHIP_STATUS` (`CODE`),
  CONSTRAINT `FK_CHAMPIONSHIP_TYPE` FOREIGN KEY (`COD_TYPE`) REFERENCES `CHAMPIONSHIP_TYPE` (`CODE`)
) ENGINE=InnoDB AUTO_INCREMENT=68 DEFAULT CHARSET=latin1;
/*!40101 SET character_set_client = @saved_cs_client */;

--
-- Dumping data for table `CHAMPIONSHIP`
--

LOCK TABLES `CHAMPIONSHIP` WRITE;
/*!40000 ALTER TABLE `CHAMPIONSHIP` DISABLE KEYS */;
INSERT INTO `CHAMPIONSHIP` VALUES (4,'cb',2,'21/7/2001','09/12/2003',16,8,'f'),(5,'lc',1,'4/2/2001','10/12/2003',12,8,'f'),(6,'cm',1,'10/2/2001','10/12/2003',12,8,'f'),(7,'cb',1,'4/3/2001','09/12/2003',16,8,'f'),(8,'la',1,'19/3/2001','10/12/2003',12,8,'f'),(9,'mc',1,'7/7/2001','10/12/2003',8,4,'f'),(20,'lc',2,'12/8/2001','10/12/2003',12,8,'f'),(21,'la',2,'5/10/2001','10/12/2003',12,8,'f'),(22,'mc',2,'13/10/2001','10/12/2003',8,4,'f'),(23,'cm',2,'21/10/2001','10/12/2003',12,8,'f'),(36,'cb',3,'29/12/2001','10/12/2003',16,8,'f'),(37,'lc',3,'1/1/2002','10/12/2003',12,8,'f'),(39,'la',3,'13/1/2002','10/12/2003',12,8,'f'),(41,'mc',3,'27/1/2002','10/12/2003',8,4,'f'),(42,'cm',3,'12/2/2002','10/12/2003',12,8,'f'),(43,'cb',4,'30/3/2002','10/12/2003',16,8,'f'),(48,'lc',4,'21/4/2002','10/12/2003',12,8,'f'),(49,'la',4,'27/4/2002','10/12/2003',12,8,'f'),(50,'mc',4,'1/6/2002','10/12/2003',8,4,'f'),(51,'cm',4,'8/6/2002','10/12/2003',12,8,'f'),(52,'cb',5,'11/8/2002','10/12/2003',20,8,'f'),(53,'lc',5,'30/9/2002','10/12/2003',16,8,'f'),(54,'la',5,'30/9/2002','10/12/2003',16,8,'f'),(55,'mc',5,'07/12/2003','06/02/2004',8,4,'f'),(56,'cm',5,'03/02/2004','28/03/2004',20,8,'f'),(57,'cb',6,'06/02/2004','08/05/2004',24,16,'f'),(58,'la',6,'09/05/2004','20/03/2005',20,8,'f'),(59,'lc',6,'09/05/2004','20/03/2005',24,16,'f'),(60,'mc',6,'24/03/2005','03/04/2005',8,4,'f'),(61,'cm',6,'24/03/2005','15/05/2005',20,8,'f'),(63,'cb',7,'16/05/2005','11/09/2005',24,16,'f'),(64,'la',7,'15/11/2005','13/03/2007',24,16,'f'),(65,'lc',7,'13/03/2007','20/05/2007',24,16,'f'),(66,'mc',7,'20/05/2007','04/01/2008',8,4,'f'),(67,'cm',7,'03/01/2008',NULL,24,16,'a');
/*!40000 ALTER TABLE `CHAMPIONSHIP` ENABLE KEYS */;
UNLOCK TABLES;

--
-- Table structure for table `CHAMPIONSHIP_STATUS`
--

DROP TABLE IF EXISTS `CHAMPIONSHIP_STATUS`;
/*!40101 SET @saved_cs_client     = @@character_set_client */;
/*!40101 SET character_set_client = utf8 */;
CREATE TABLE `CHAMPIONSHIP_STATUS` (
  `ID` int(10) unsigned NOT NULL AUTO_INCREMENT,
  `CODE` varchar(1) NOT NULL,
  `DESCRICAO` varchar(20) NOT NULL,
  PRIMARY KEY (`ID`),
  KEY `IDX_CODE` (`CODE`) USING BTREE
) ENGINE=InnoDB AUTO_INCREMENT=7 DEFAULT CHARSET=latin1;
/*!40101 SET character_set_client = @saved_cs_client */;

--
-- Dumping data for table `CHAMPIONSHIP_STATUS`
--

LOCK TABLES `CHAMPIONSHIP_STATUS` WRITE;
/*!40000 ALTER TABLE `CHAMPIONSHIP_STATUS` DISABLE KEYS */;
INSERT INTO `CHAMPIONSHIP_STATUS` VALUES (1,'a','Primeira Fase'),(2,'b','Oitavas de Final'),(3,'c','Quartas de Final'),(4,'d','Semifinais'),(5,'e','Finais'),(6,'f','Encerrado');
/*!40000 ALTER TABLE `CHAMPIONSHIP_STATUS` ENABLE KEYS */;
UNLOCK TABLES;

--
-- Table structure for table `CHAMPIONSHIP_TYPE`
--

DROP TABLE IF EXISTS `CHAMPIONSHIP_TYPE`;
/*!40101 SET @saved_cs_client     = @@character_set_client */;
/*!40101 SET character_set_client = utf8 */;
CREATE TABLE `CHAMPIONSHIP_TYPE` (
  `ID` int(10) unsigned NOT NULL AUTO_INCREMENT,
  `CODE` varchar(2) NOT NULL,
  `LIST_ORDER` smallint(5) unsigned DEFAULT NULL,
  `DESCRIPTION` varchar(40) NOT NULL,
  `COD_TEAM_TYPE` varchar(1) NOT NULL,
  `NUM_EDITIONS` int(10) unsigned NOT NULL DEFAULT '0',
  `LOGO_IMG_FILE` varchar(255) DEFAULT NULL,
  PRIMARY KEY (`ID`),
  KEY `FK_CHAMPIONCHIP_TEAM_TYPE` (`COD_TEAM_TYPE`),
  KEY `IDX_CODE` (`CODE`) USING BTREE,
  CONSTRAINT `FK_CHAMPIONCHIP_TEAM_TYPE` FOREIGN KEY (`COD_TEAM_TYPE`) REFERENCES `TEAM_TYPE` (`CODE`)
) ENGINE=InnoDB AUTO_INCREMENT=8 DEFAULT CHARSET=latin1;
/*!40101 SET character_set_client = @saved_cs_client */;

--
-- Dumping data for table `CHAMPIONSHIP_TYPE`
--

LOCK TABLES `CHAMPIONSHIP_TYPE` WRITE;
/*!40000 ALTER TABLE `CHAMPIONSHIP_TYPE` DISABLE KEYS */;
INSERT INTO `CHAMPIONSHIP_TYPE` VALUES (1,'ca',2,'Copa América','s',0,'Copa_America'),(2,'cb',1,'Campeonato Brasileiro','c',7,'Campeonato_Brasileiro'),(3,'cm',1,'Copa do Mundo','s',7,'Copa_do_Mundo'),(4,'eu',3,'Eurocopa','s',0,'Eurocopa'),(5,'la',2,'Copa Libertadores da América','c',7,'Copa_Libertadores_da_America'),(6,'lc',3,'Liga dos Campeões da Europa','c',7,'Liga_dos_Campeoes_da_Europa'),(7,'mc',4,'Mundial de Clubes','c',7,'Mundial_de_Clubes');
/*!40000 ALTER TABLE `CHAMPIONSHIP_TYPE` ENABLE KEYS */;
UNLOCK TABLES;

--
-- Table structure for table `COUNTRY`
--

DROP TABLE IF EXISTS `COUNTRY`;
/*!40101 SET @saved_cs_client     = @@character_set_client */;
/*!40101 SET character_set_client = utf8 */;
CREATE TABLE `COUNTRY` (
  `ID` int(10) unsigned NOT NULL AUTO_INCREMENT,
  `CODE` varchar(3) NOT NULL,
  `NAME` varchar(30) NOT NULL,
  PRIMARY KEY (`ID`),
  KEY `IDX_CODE` (`CODE`) USING BTREE
) ENGINE=InnoDB AUTO_INCREMENT=32 DEFAULT CHARSET=latin1;
/*!40101 SET character_set_client = @saved_cs_client */;

--
-- Dumping data for table `COUNTRY`
--

LOCK TABLES `COUNTRY` WRITE;
/*!40000 ALTER TABLE `COUNTRY` DISABLE KEYS */;
INSERT INTO `COUNTRY` VALUES (1,'ALE','Alemanha'),(2,'ARA','Arábia Saudita'),(3,'ARG','Argentina'),(4,'BEL','Bélgica'),(5,'BOL','Bolívia'),(6,'BRA','Brasil'),(7,'CAM','Camarões'),(8,'CHI','Chile'),(9,'COL','Colômbia'),(10,'COR','Coréia do Sul'),(11,'DIN','Dinamarca'),(12,'EQU','Equador'),(13,'ESC','Escócia'),(14,'ESP','Espanha'),(15,'EUA','Estados Unidos'),(16,'FRA','França'),(17,'GRE','Grécia'),(18,'HOL','Holanda'),(19,'ING','Inglaterra'),(20,'ITA','Itália'),(21,'MEX','México'),(22,'NIG','Nigéria'),(23,'PAR','Paraguai'),(24,'PER','Peru'),(25,'POL','Polônia'),(26,'POR','Portugal'),(27,'ROM','Romênia'),(28,'RUS','Rússia'),(29,'SUE','Suécia'),(30,'TUR','Turquia'),(31,'URU','Uruguai');
/*!40000 ALTER TABLE `COUNTRY` ENABLE KEYS */;
UNLOCK TABLES;

--
-- Table structure for table `GAME`
--

DROP TABLE IF EXISTS `GAME`;
/*!40101 SET @saved_cs_client     = @@character_set_client */;
/*!40101 SET character_set_client = utf8 */;
CREATE TABLE `GAME` (
  `ID` int(10) unsigned NOT NULL AUTO_INCREMENT,
  `ID_CHAMPIONSHIP` int(10) unsigned NOT NULL,
  `COD_TYPE` varchar(2) NOT NULL,
  `ID_TEAM_A` int(10) unsigned NOT NULL,
  `ID_TEAM_B` int(10) unsigned NOT NULL,
  `NUM_GOALS_TEAM_A` smallint(5) unsigned DEFAULT NULL,
  `NUM_GOALS_TEAM_B` smallint(5) unsigned DEFAULT NULL,
  `NUM_GOALS_EXTRA_A` smallint(5) unsigned DEFAULT NULL,
  `NUM_GOALS_EXTRA_B` smallint(5) unsigned DEFAULT NULL,
  `NUM_GOALS_PNT_A` smallint(5) unsigned DEFAULT NULL,
  `NUM_GOALS_PNT_B` smallint(5) unsigned DEFAULT NULL,
  PRIMARY KEY (`ID`),
  KEY `FK_GAME_TYPE` (`COD_TYPE`),
  KEY `FK_GAME_TEAM_A` (`ID_TEAM_A`),
  KEY `FK_GAME_TEAM_B` (`ID_TEAM_B`),
  KEY `FK_GAME_CHAMPIONSHIP` (`ID_CHAMPIONSHIP`),
  CONSTRAINT `FK_GAME_CHAMPIONSHIP` FOREIGN KEY (`ID_CHAMPIONSHIP`) REFERENCES `CHAMPIONSHIP` (`ID`),
  CONSTRAINT `FK_GAME_TEAM_A` FOREIGN KEY (`ID_TEAM_A`) REFERENCES `TEAM` (`ID`),
  CONSTRAINT `FK_GAME_TEAM_B` FOREIGN KEY (`ID_TEAM_B`) REFERENCES `TEAM` (`ID`),
  CONSTRAINT `FK_GAME_TYPE` FOREIGN KEY (`COD_TYPE`) REFERENCES `GAME_TYPE` (`CODE`)
) ENGINE=InnoDB AUTO_INCREMENT=2062 DEFAULT CHARSET=latin1;
/*!40101 SET character_set_client = @saved_cs_client */;

--
-- Dumping data for table `GAME`
--

LOCK TABLES `GAME` WRITE;
/*!40000 ALTER TABLE `GAME` DISABLE KEYS */;
INSERT INTO `GAME` VALUES (331,4,'g1',47,46,3,1,0,0,0,0),(332,4,'g1',36,45,0,1,0,0,0,0),(333,4,'g1',46,36,0,2,0,0,0,0),(334,4,'g1',45,47,4,4,0,0,0,0),(335,4,'g1',47,36,0,0,0,0,0,0),(336,4,'g1',46,45,0,4,0,0,0,0),(337,4,'g2',40,43,2,1,0,0,0,0),(338,4,'g2',37,42,0,0,0,0,0,0),(339,4,'g2',43,37,1,1,0,0,0,0),(340,4,'g2',42,40,1,2,0,0,0,0),(341,4,'g2',40,37,1,1,0,0,0,0),(342,4,'g2',43,42,2,2,0,0,0,0),(343,4,'g3',44,74,1,2,0,0,0,0),(344,4,'g3',41,91,0,0,0,0,0,0),(345,4,'g3',74,41,4,2,0,0,0,0),(346,4,'g3',91,44,1,3,0,0,0,0),(347,4,'g3',44,41,0,0,0,0,0,0),(348,4,'g3',74,91,1,0,0,0,0,0),(349,4,'g4',39,92,1,1,0,0,0,0),(350,4,'g4',73,38,1,0,0,0,0,0),(351,4,'g4',92,73,2,1,0,0,0,0),(352,4,'g4',38,39,3,5,0,0,0,0),(353,4,'g4',39,73,1,0,0,0,0,0),(354,4,'g4',92,38,3,0,0,0,0,0),(355,5,'g1',64,63,1,2,0,0,0,0),(356,5,'g1',83,58,2,0,0,0,0,0),(357,5,'g1',63,83,2,2,0,0,0,0),(358,5,'g1',58,64,2,1,0,0,0,0),(359,5,'g1',64,83,1,4,0,0,0,0),(360,5,'g1',63,58,0,2,0,0,0,0),(361,5,'g2',60,57,2,2,0,0,0,0),(362,5,'g2',61,81,2,0,0,0,0,0),(363,5,'g2',57,61,0,1,0,0,0,0),(364,5,'g2',81,60,3,2,0,0,0,0),(365,5,'g2',60,61,1,0,0,0,0,0),(366,5,'g2',57,81,1,3,0,0,0,0),(367,5,'g3',80,82,3,1,0,0,0,0),(368,5,'g3',71,79,0,1,0,0,0,0),(369,5,'g3',82,71,1,0,0,0,0,0),(370,5,'g3',79,80,0,1,0,0,0,0),(371,5,'g3',80,71,2,0,0,0,0,0),(372,5,'g3',82,79,1,1,0,0,0,0),(373,6,'g1',53,95,2,1,0,0,0,0),(374,6,'g1',52,68,1,2,0,0,0,0),(375,6,'g1',95,52,1,1,0,0,0,0),(376,6,'g1',68,53,0,2,0,0,0,0),(377,6,'g1',53,52,2,1,0,0,0,0),(378,6,'g1',95,68,0,0,0,0,0,0),(379,6,'g2',96,94,3,1,0,0,0,0),(380,6,'g2',65,56,3,1,0,0,0,0),(381,6,'g2',94,65,1,2,0,0,0,0),(382,6,'g2',56,96,1,3,0,0,0,0),(383,6,'g2',96,65,1,4,0,0,0,0),(384,6,'g2',94,56,2,2,0,0,0,0),(385,6,'g3',93,51,3,3,0,0,0,0),(386,6,'g3',49,50,2,3,0,0,0,0),(387,6,'g3',51,49,1,1,0,0,0,0),(388,6,'g3',50,93,2,4,0,0,0,0),(389,6,'g3',93,49,2,1,0,0,0,0),(390,6,'g3',51,50,1,1,0,0,0,0),(409,7,'g1',73,41,1,0,0,0,0,0),(410,7,'g1',92,39,2,0,0,0,0,0),(411,7,'g1',41,92,3,4,0,0,0,0),(412,7,'g1',39,73,4,3,0,0,0,0),(413,7,'g1',73,92,1,0,0,0,0,0),(414,7,'g1',41,39,0,2,0,0,0,0),(415,7,'g2',38,36,2,2,0,0,0,0),(416,7,'g2',46,37,1,1,0,0,0,0),(417,7,'g2',36,46,5,1,0,0,0,0),(418,7,'g2',37,38,1,0,0,0,0,0),(419,7,'g2',38,46,1,0,0,0,0,0),(420,7,'g2',36,37,2,1,0,0,0,0),(421,7,'g3',45,74,0,3,0,0,0,0),(422,7,'g3',44,47,1,4,0,0,0,0),(423,7,'g3',74,44,0,1,0,0,0,0),(424,7,'g3',47,45,4,3,0,0,0,0),(425,7,'g3',45,44,1,2,0,0,0,0),(426,7,'g3',74,47,1,4,0,0,0,0),(427,7,'g4',91,42,3,4,0,0,0,0),(428,7,'g4',43,40,1,2,0,0,0,0),(429,7,'g4',42,43,0,0,0,0,0,0),(430,7,'g4',40,91,4,0,0,0,0,0),(431,7,'g4',91,43,1,3,0,0,0,0),(432,7,'g4',42,40,4,2,0,0,0,0),(433,8,'g1',47,84,0,3,0,0,0,0),(434,8,'g1',85,48,1,1,0,0,0,0),(435,8,'g1',84,85,0,2,0,0,0,0),(436,8,'g1',48,47,3,2,0,0,0,0),(437,8,'g1',47,85,0,2,0,0,0,0),(438,8,'g1',84,48,3,1,0,0,0,0),(439,8,'g2',44,89,1,0,0,0,0,0),(440,8,'g2',90,39,1,2,0,0,0,0),(441,8,'g2',89,90,1,1,0,0,0,0),(442,8,'g2',39,44,0,1,0,0,0,0),(443,8,'g2',44,90,0,1,0,0,0,0),(444,8,'g2',89,39,0,2,0,0,0,0),(445,8,'g3',40,86,1,1,0,0,0,0),(446,8,'g3',87,88,0,1,0,0,0,0),(447,8,'g3',86,87,0,4,0,0,0,0),(448,8,'g3',88,40,3,3,0,0,0,0),(449,8,'g3',40,87,2,1,0,0,0,0),(450,8,'g3',86,88,1,2,0,0,0,0),(451,9,'g1',58,85,1,1,0,0,0,0),(452,9,'g1',83,80,2,2,0,0,0,0),(453,9,'g1',85,83,2,1,0,0,0,0),(454,9,'g1',80,58,3,0,0,0,0,0),(455,9,'g1',58,83,2,3,0,0,0,0),(456,9,'g1',85,80,1,2,0,0,0,0),(457,9,'g2',88,84,3,3,0,0,0,0),(458,9,'g2',79,39,0,2,0,0,0,0),(459,9,'g2',84,79,1,1,0,0,0,0),(460,9,'g2',39,88,1,2,0,0,0,0),(461,9,'g2',88,79,1,2,0,0,0,0),(462,9,'g2',84,39,1,1,0,0,0,0),(557,8,'f1',85,39,1,2,0,0,0,0),(558,8,'f3',84,88,3,0,0,0,0,0),(559,8,'sa',85,84,2,0,0,0,0,0),(560,8,'sb',88,39,1,2,0,0,0,0),(561,8,'qa',85,48,3,0,0,0,0,0),(562,8,'qb',88,90,1,0,0,0,0,0),(563,8,'qc',39,40,3,1,0,0,0,0),(564,8,'qd',84,44,3,1,0,0,0,0),(589,7,'f1',40,39,1,3,0,0,0,0),(590,7,'f3',47,44,4,1,0,0,0,0),(591,7,'sa',47,40,0,1,0,0,0,0),(592,7,'sb',44,39,2,3,0,0,0,0),(593,7,'qa',47,37,1,1,1,0,0,0),(594,7,'qb',36,44,0,1,0,0,0,0),(595,7,'qc',42,39,1,2,0,0,0,0),(596,7,'qd',92,40,0,2,0,0,0,0),(615,6,'f1',50,53,3,1,0,0,0,0),(616,6,'f3',65,93,2,3,0,0,0,0),(617,6,'sa',65,50,1,2,0,0,0,0),(618,6,'sb',53,93,1,0,0,0,0,0),(619,6,'qa',65,95,2,0,0,0,0,0),(620,6,'qb',53,51,3,2,0,0,0,0),(621,6,'qc',93,68,4,0,0,0,0,0),(622,6,'qd',96,50,0,2,0,0,0,0),(641,5,'f1',80,79,4,0,0,0,0,0),(642,5,'f3',58,83,2,1,0,0,0,0),(643,5,'sa',80,58,3,2,0,0,0,0),(644,5,'sb',83,79,0,0,1,1,2,3),(645,5,'qa',80,63,0,0,0,0,3,2),(646,5,'qb',83,60,4,2,0,0,0,0),(647,5,'qc',61,79,1,2,0,0,0,0),(648,5,'qd',81,58,0,3,0,0,0,0),(661,9,'f1',80,88,0,0,0,0,1,2),(662,9,'f3',83,39,0,2,0,0,0,0),(663,9,'sa',80,83,5,0,0,0,0,0),(664,9,'sb',39,88,0,1,0,0,0,0),(689,4,'f1',39,47,1,5,0,0,0,0),(690,4,'f3',37,45,1,3,0,0,0,0),(691,4,'sa',37,39,2,2,1,2,0,0),(692,4,'sb',45,47,1,2,0,0,0,0),(693,4,'qa',74,37,0,1,0,0,0,0),(694,4,'qb',45,44,1,1,0,0,2,1),(695,4,'qc',92,47,1,2,0,0,0,0),(696,4,'qd',40,39,0,2,0,0,0,0),(761,20,'g1',58,60,1,2,0,0,0,0),(762,20,'g1',82,71,1,2,0,0,0,0),(763,20,'g1',60,82,5,0,0,0,0,0),(764,20,'g1',71,58,0,2,0,0,0,0),(765,20,'g1',58,82,2,3,0,0,0,0),(766,20,'g1',60,71,3,1,0,0,0,0),(767,20,'g2',80,81,1,1,0,0,0,0),(768,20,'g2',63,61,4,1,0,0,0,0),(769,20,'g2',81,63,0,4,0,0,0,0),(770,20,'g2',61,80,2,1,0,0,0,0),(771,20,'g2',80,63,2,1,0,0,0,0),(772,20,'g2',81,61,1,0,0,0,0,0),(773,20,'g3',79,57,1,2,0,0,0,0),(774,20,'g3',59,83,1,0,0,0,0,0),(775,20,'g3',57,59,3,3,0,0,0,0),(776,20,'g3',83,79,0,1,0,0,0,0),(777,20,'g3',79,59,1,2,0,0,0,0),(778,20,'g3',57,83,4,2,0,0,0,0),(779,20,'f1',60,81,1,3,0,0,0,0),(780,20,'f3',59,58,0,0,0,0,0,3),(781,20,'sa',60,59,2,2,1,0,0,0),(782,20,'sb',81,58,1,1,1,1,1,0),(783,20,'qa',60,79,3,2,0,0,0,0),(784,20,'qb',57,81,0,2,0,0,0,0),(785,20,'qc',63,58,1,2,0,0,0,0),(786,20,'qd',59,80,0,0,1,0,0,0),(787,21,'g1',39,37,1,1,0,0,0,0),(788,21,'g1',86,90,2,1,0,0,0,0),(789,21,'g1',37,86,2,2,0,0,0,0),(790,21,'g1',90,39,0,2,0,0,0,0),(791,21,'g1',39,86,3,1,0,0,0,0),(792,21,'g1',37,90,0,0,0,0,0,0),(793,21,'g2',84,87,2,2,0,0,0,0),(794,21,'g2',45,47,1,2,0,0,0,0),(795,21,'g2',87,45,2,2,0,0,0,0),(796,21,'g2',47,84,1,3,0,0,0,0),(797,21,'g2',84,45,1,2,0,0,0,0),(798,21,'g2',87,47,1,1,0,0,0,0),(799,21,'g3',85,48,1,1,0,0,0,0),(800,21,'g3',89,88,3,1,0,0,0,0),(801,21,'g3',48,89,0,0,0,0,0,0),(802,21,'g3',88,85,0,3,0,0,0,0),(803,21,'g3',85,89,2,1,0,0,0,0),(804,21,'g3',48,88,2,3,0,0,0,0),(805,21,'f1',45,86,1,3,0,0,0,0),(806,21,'f3',85,39,1,0,0,0,0,0),(807,21,'sa',85,45,0,2,0,0,0,0),(808,21,'sb',39,86,3,6,0,0,0,0),(809,21,'qa',85,37,2,1,0,0,0,0),(810,21,'qb',39,47,1,1,1,0,0,0),(811,21,'qc',84,86,2,3,0,0,0,0),(812,21,'qd',89,45,0,0,0,2,0,0),(813,22,'g1',85,45,1,0,0,0,0,0),(814,22,'g1',59,81,0,1,0,0,0,0),(815,22,'g1',45,59,2,1,0,0,0,0),(816,22,'g1',81,85,4,4,0,0,0,0),(817,22,'g1',85,59,1,0,0,0,0,0),(818,22,'g1',45,81,3,2,0,0,0,0),(819,22,'g2',88,58,3,3,0,0,0,0),(820,22,'g2',60,86,1,0,0,0,0,0),(821,22,'g2',58,60,2,0,0,0,0,0),(822,22,'g2',86,88,2,1,0,0,0,0),(823,22,'g2',88,60,0,1,0,0,0,0),(824,22,'g2',58,86,3,2,0,0,0,0),(825,22,'f1',58,85,1,2,0,0,0,0),(826,22,'f3',60,45,0,1,0,0,0,0),(827,22,'sa',58,60,2,1,0,0,0,0),(828,22,'sb',85,45,1,1,1,0,0,0),(829,23,'g1',50,65,1,2,0,0,0,0),(830,23,'g1',95,49,1,3,0,0,0,0),(831,23,'g1',65,95,1,2,0,0,0,0),(832,23,'g1',49,50,3,3,0,0,0,0),(833,23,'g1',50,95,1,0,0,0,0,0),(834,23,'g1',65,49,1,1,0,0,0,0),(835,23,'g2',53,52,1,1,0,0,0,0),(836,23,'g2',96,56,2,3,0,0,0,0),(837,23,'g2',52,96,2,1,0,0,0,0),(838,23,'g2',56,53,2,1,0,0,0,0),(839,23,'g2',53,96,4,2,0,0,0,0),(840,23,'g2',52,56,1,4,0,0,0,0),(841,23,'g3',93,68,0,2,0,0,0,0),(842,23,'g3',94,51,2,0,0,0,0,0),(843,23,'g3',68,94,2,2,0,0,0,0),(844,23,'g3',51,93,2,2,0,0,0,0),(845,23,'g3',93,94,3,2,0,0,0,0),(846,23,'g3',68,51,3,1,0,0,0,0),(847,23,'f1',53,50,1,1,0,0,1,2),(848,23,'f3',93,65,1,1,2,1,0,0),(849,23,'sa',93,53,1,1,0,1,0,0),(850,23,'sb',65,50,2,3,0,0,0,0),(851,23,'qa',56,93,0,2,0,0,0,0),(852,23,'qb',68,65,1,2,0,0,0,0),(853,23,'qc',49,50,0,2,0,0,0,0),(854,23,'qd',94,53,1,2,0,0,0,0),(923,36,'g1',47,46,0,0,0,0,0,0),(924,36,'g1',38,36,3,3,0,0,0,0),(925,36,'g1',46,38,0,1,0,0,0,0),(926,36,'g1',36,47,0,0,0,0,0,0),(927,36,'g1',47,38,1,0,0,0,0,0),(928,36,'g1',46,36,3,3,0,0,0,0),(929,36,'g2',39,74,1,0,0,0,0,0),(930,36,'g2',41,73,3,0,0,0,0,0),(931,36,'g2',74,41,2,2,0,0,0,0),(932,36,'g2',73,39,2,2,0,0,0,0),(933,36,'g2',39,41,0,1,0,0,0,0),(934,36,'g2',74,73,2,3,0,0,0,0),(935,36,'g3',40,92,0,1,0,0,0,0),(936,36,'g3',42,45,1,4,0,0,0,0),(937,36,'g3',92,42,1,1,0,0,0,0),(938,36,'g3',45,40,1,3,0,0,0,0),(939,36,'g3',40,42,2,2,0,0,0,0),(940,36,'g3',92,45,1,1,0,0,0,0),(941,36,'g4',44,37,2,1,0,0,0,0),(942,36,'g4',91,43,2,0,0,0,0,0),(943,36,'g4',37,91,1,2,0,0,0,0),(944,36,'g4',43,44,1,1,0,0,0,0),(945,36,'g4',44,91,4,1,0,0,0,0),(946,36,'g4',37,43,3,2,0,0,0,0),(947,36,'f1',91,41,1,2,0,0,0,0),(948,36,'f3',39,45,3,2,0,0,0,0),(949,36,'sa',39,91,0,2,0,0,0,0),(950,36,'sb',41,45,3,0,0,0,0,0),(951,36,'qa',44,39,0,4,0,0,0,0),(952,36,'qb',41,38,2,2,2,1,0,0),(953,36,'qc',92,45,1,4,0,0,0,0),(954,36,'qd',47,91,3,4,0,0,0,0),(955,37,'g1',58,60,3,0,0,0,0,0),(956,37,'g1',57,79,2,0,0,0,0,0),(957,37,'g1',60,57,2,1,0,0,0,0),(958,37,'g1',79,58,2,0,0,0,0,0),(959,37,'g1',58,57,2,1,0,0,0,0),(960,37,'g1',60,79,0,0,0,0,0,0),(961,37,'g2',81,63,1,1,0,0,0,0),(962,37,'g2',64,59,1,0,0,0,0,0),(963,37,'g2',63,64,0,4,0,0,0,0),(964,37,'g2',59,81,3,1,0,0,0,0),(965,37,'g2',81,64,2,2,0,0,0,0),(966,37,'g2',63,59,3,3,0,0,0,0),(967,37,'g3',80,61,2,0,0,0,0,0),(968,37,'g3',82,71,3,0,0,0,0,0),(969,37,'g3',61,82,0,1,0,0,0,0),(970,37,'g3',71,80,1,2,0,0,0,0),(971,37,'g3',80,82,2,4,0,0,0,0),(972,37,'g3',61,71,2,0,0,0,0,0),(973,37,'f1',59,79,2,2,0,1,0,0),(974,37,'f3',61,60,4,1,0,0,0,0),(975,37,'sa',61,59,0,1,0,0,0,0),(976,37,'sb',60,79,1,2,0,0,0,0),(977,37,'qa',82,61,1,5,0,0,0,0),(978,37,'qb',64,60,1,3,0,0,0,0),(979,37,'qc',58,79,0,2,0,0,0,0),(980,37,'qd',80,59,1,4,0,0,0,0),(1045,39,'g1',85,45,3,1,0,0,0,0),(1046,39,'g1',41,48,3,3,0,0,0,0),(1047,39,'g1',45,41,2,0,0,0,0,0),(1048,39,'g1',48,85,4,2,0,0,0,0),(1049,39,'g1',85,41,2,1,0,0,0,0),(1050,39,'g1',45,48,0,1,0,0,0,0),(1051,39,'g2',84,89,1,1,0,0,0,0),(1052,39,'g2',87,90,3,2,0,0,0,0),(1053,39,'g2',89,87,1,1,0,0,0,0),(1054,39,'g2',90,84,2,1,0,0,0,0),(1055,39,'g2',84,87,1,1,0,0,0,0),(1056,39,'g2',89,90,1,2,0,0,0,0),(1057,39,'g3',39,91,3,1,0,0,0,0),(1058,39,'g3',86,88,3,4,0,0,0,0),(1059,39,'g3',91,86,0,3,0,0,0,0),(1060,39,'g3',88,39,3,2,0,0,0,0),(1061,39,'g3',39,86,3,1,0,0,0,0),(1062,39,'g3',91,88,1,1,0,0,0,0),(1063,39,'f1',85,87,2,2,0,1,0,0),(1064,39,'f3',45,86,1,0,0,0,0,0),(1065,39,'sa',45,85,1,3,0,0,0,0),(1066,39,'sb',86,87,1,1,2,2,0,3),(1067,39,'qa',48,45,0,1,0,0,0,0),(1068,39,'qb',88,86,1,1,0,0,0,3),(1069,39,'qc',90,87,2,2,0,0,1,2),(1070,39,'qd',39,85,1,2,0,0,0,0),(1135,41,'g1',85,59,3,0,0,0,0,0),(1136,41,'g1',61,87,0,2,0,0,0,0),(1137,41,'g1',59,61,1,4,0,0,0,0),(1138,41,'g1',87,85,1,2,0,0,0,0),(1139,41,'g1',85,61,1,2,0,0,0,0),(1140,41,'g1',59,87,1,0,0,0,0,0),(1141,41,'g2',45,86,1,2,0,0,0,0),(1142,41,'g2',79,60,1,2,0,0,0,0),(1143,41,'g2',86,79,1,3,0,0,0,0),(1144,41,'g2',60,45,3,1,0,0,0,0),(1145,41,'g2',45,79,2,2,0,0,0,0),(1146,41,'g2',86,60,1,2,0,0,0,0),(1147,41,'f1',79,85,2,1,0,0,0,0),(1148,41,'f3',60,61,1,1,1,1,0,2),(1149,41,'sa',60,79,1,5,0,0,0,0),(1150,41,'sb',85,61,1,1,1,0,0,0),(1151,42,'g1',93,52,1,1,0,0,0,0),(1152,42,'g1',95,51,2,2,0,0,0,0),(1153,42,'g1',52,95,1,1,0,0,0,0),(1154,42,'g1',51,93,2,1,0,0,0,0),(1155,42,'g1',93,95,2,0,0,0,0,0),(1156,42,'g1',52,51,1,1,0,0,0,0),(1157,42,'g2',53,96,1,0,0,0,0,0),(1158,42,'g2',68,49,0,1,0,0,0,0),(1159,42,'g2',96,68,2,0,0,0,0,0),(1160,42,'g2',49,53,1,1,0,0,0,0),(1161,42,'g2',53,68,3,3,0,0,0,0),(1162,42,'g2',96,49,0,2,0,0,0,0),(1163,42,'g3',50,56,5,3,0,0,0,0),(1164,42,'g3',94,65,1,2,0,0,0,0),(1165,42,'g3',56,94,2,3,0,0,0,0),(1166,42,'g3',65,50,1,2,0,0,0,0),(1167,42,'g3',50,94,0,2,0,0,0,0),(1168,42,'g3',56,65,0,2,0,0,0,0),(1169,42,'f1',65,51,1,2,0,0,0,0),(1170,42,'f3',49,50,4,1,0,0,0,0),(1171,42,'sa',49,65,1,4,0,0,0,0),(1172,42,'sb',50,51,1,2,0,0,0,0),(1173,42,'qa',49,96,3,1,0,0,0,0),(1174,42,'qb',94,50,0,3,0,0,0,0),(1175,42,'qc',51,93,2,1,0,0,0,0),(1176,42,'qd',65,53,1,0,0,0,0,0),(1177,43,'g1',39,110,2,2,0,0,0,0),(1178,43,'g1',37,42,1,0,0,0,0,0),(1179,43,'g1',110,37,2,0,0,0,0,0),(1180,43,'g1',42,39,3,3,0,0,0,0),(1181,43,'g1',39,37,3,2,0,0,0,0),(1182,43,'g1',110,42,0,2,0,0,0,0),(1183,43,'g2',47,74,2,1,0,0,0,0),(1184,43,'g2',36,40,4,1,0,0,0,0),(1185,43,'g2',74,36,1,1,0,0,0,0),(1186,43,'g2',40,47,1,1,0,0,0,0),(1187,43,'g2',47,36,1,4,0,0,0,0),(1188,43,'g2',74,40,3,3,0,0,0,0),(1189,43,'g3',45,91,1,3,0,0,0,0),(1190,43,'g3',38,73,0,0,0,0,0,0),(1191,43,'g3',91,38,3,0,0,0,0,0),(1192,43,'g3',73,45,1,1,0,0,0,0),(1193,43,'g3',45,38,2,1,0,0,0,0),(1194,43,'g3',91,73,0,1,0,0,0,0),(1195,43,'g4',44,46,0,1,0,0,0,0),(1196,43,'g4',92,41,3,1,0,0,0,0),(1197,43,'g4',46,92,1,2,0,0,0,0),(1198,43,'g4',41,44,2,3,0,0,0,0),(1199,43,'g4',44,92,2,3,0,0,0,0),(1200,43,'g4',46,41,1,1,0,0,0,0),(1201,43,'f1',73,46,1,0,0,0,0,0),(1202,43,'f3',47,42,1,0,0,0,0,0),(1203,43,'sa',47,73,2,2,0,1,0,0),(1204,43,'sb',46,42,3,1,0,0,0,0),(1205,43,'qa',92,47,1,2,0,0,0,0),(1206,43,'qb',36,46,1,2,0,0,0,0),(1207,43,'qc',91,42,1,3,0,0,0,0),(1208,43,'qd',39,73,0,3,0,0,0,0),(1408,48,'g1',79,83,2,1,0,0,0,0),(1409,48,'g1',81,57,1,0,0,0,0,0),(1410,48,'g1',83,81,2,1,0,0,0,0),(1411,48,'g1',57,79,1,2,0,0,0,0),(1412,48,'g1',79,81,0,2,0,0,0,0),(1413,48,'g1',83,57,3,2,0,0,0,0),(1414,48,'g2',80,82,3,0,0,0,0,0),(1415,48,'g2',61,59,0,1,0,0,0,0),(1416,48,'g2',82,61,0,1,0,0,0,0),(1417,48,'g2',59,80,5,0,0,0,0,0),(1418,48,'g2',80,61,1,1,0,0,0,0),(1419,48,'g2',82,59,1,1,0,0,0,0),(1420,48,'g3',58,63,4,1,0,0,0,0),(1421,48,'g3',60,64,1,1,0,0,0,0),(1422,48,'g3',63,60,2,0,0,0,0,0),(1423,48,'g3',64,58,1,1,0,0,0,0),(1424,48,'g3',58,60,1,1,0,0,0,0),(1425,48,'g3',63,64,1,1,0,0,0,0),(1426,48,'f1',61,81,3,2,0,0,0,0),(1427,48,'f3',80,63,2,2,0,0,1,2),(1428,48,'sa',80,61,1,3,0,0,0,0),(1429,48,'sb',81,63,2,1,0,0,0,0),(1430,48,'qa',59,80,0,3,0,0,0,0),(1431,48,'qb',81,79,0,0,0,0,1,0),(1432,48,'qc',58,63,1,2,0,0,0,0),(1433,48,'qd',83,61,0,1,0,0,0,0),(1434,49,'g1',85,90,2,1,0,0,0,0),(1435,49,'g1',47,48,1,1,0,0,0,0),(1436,49,'g1',90,47,4,4,0,0,0,0),(1437,49,'g1',48,85,3,3,0,0,0,0),(1438,49,'g1',85,47,0,3,0,0,0,0),(1439,49,'g1',90,48,1,2,0,0,0,0),(1440,49,'g2',88,42,1,0,0,0,0,0),(1441,49,'g2',46,73,0,1,0,0,0,0),(1442,49,'g2',42,46,0,0,0,0,0,0),(1443,49,'g2',73,88,1,2,0,0,0,0),(1444,49,'g2',88,46,1,1,0,0,0,0),(1445,49,'g2',42,73,2,0,0,0,0,0),(1446,49,'g3',86,87,1,1,0,0,0,0),(1447,49,'g3',89,109,0,1,0,0,0,0),(1448,49,'g3',87,89,2,0,0,0,0,0),(1449,49,'g3',109,86,3,0,0,0,0,0),(1450,49,'g3',86,89,1,1,0,0,0,0),(1451,49,'g3',87,109,2,2,0,0,0,0),(1452,49,'f1',109,47,2,1,0,0,0,0),(1453,49,'f3',48,85,1,0,0,0,0,0),(1454,49,'sa',109,48,2,2,1,0,0,0),(1455,49,'sb',85,47,1,3,0,0,0,0),(1456,49,'qa',109,73,2,2,0,0,3,2),(1457,49,'qb',88,85,1,1,0,3,0,0),(1458,49,'qc',47,42,0,0,1,0,0,0),(1459,49,'qd',87,48,1,2,0,0,0,0),(1460,50,'g1',79,61,3,4,0,0,0,0),(1461,50,'g1',47,48,2,2,0,0,0,0),(1462,50,'g1',61,47,1,2,0,0,0,0),(1463,50,'g1',48,79,4,3,0,0,0,0),(1464,50,'g1',79,47,3,2,0,0,0,0),(1465,50,'g1',61,48,2,3,0,0,0,0),(1466,50,'g2',85,63,2,1,0,0,0,0),(1467,50,'g2',109,81,1,3,0,0,0,0),(1468,50,'g2',63,109,1,1,0,0,0,0),(1469,50,'g2',81,85,2,2,0,0,0,0),(1470,50,'g2',85,109,3,3,0,0,0,0),(1471,50,'g2',63,81,1,0,0,0,0,0),(1472,50,'f1',47,85,2,1,0,0,0,0),(1473,50,'f3',48,81,2,3,0,0,0,0),(1474,50,'sa',48,47,0,3,0,0,0,0),(1475,50,'sb',85,81,7,0,0,0,0,0),(1476,51,'g1',50,96,2,2,0,0,0,0),(1477,51,'g1',49,56,2,0,0,0,0,0),(1478,51,'g1',96,49,0,1,0,0,0,0),(1479,51,'g1',56,50,2,3,0,0,0,0),(1480,51,'g1',50,49,2,1,0,0,0,0),(1481,51,'g1',96,56,2,0,0,0,0,0),(1482,51,'g2',65,95,2,1,0,0,0,0),(1483,51,'g2',51,93,1,2,0,0,0,0),(1484,51,'g2',95,51,0,3,0,0,0,0),(1485,51,'g2',93,65,1,2,0,0,0,0),(1486,51,'g2',65,51,3,3,0,0,0,0),(1487,51,'g2',95,93,0,0,0,0,0,0),(1488,51,'g3',53,68,1,2,0,0,0,0),(1489,51,'g3',94,52,1,1,0,0,0,0),(1490,51,'g3',68,94,0,4,0,0,0,0),(1491,51,'g3',52,53,3,1,0,0,0,0),(1492,51,'g3',53,94,0,3,0,0,0,0),(1493,51,'g3',68,52,1,0,0,0,0,0),(1494,51,'f1',52,50,1,5,0,0,0,0),(1495,51,'f3',49,96,1,4,0,0,0,0),(1496,51,'sa',52,49,2,2,4,1,0,0),(1497,51,'sb',96,50,1,1,0,2,0,0),(1498,51,'qa',94,52,0,4,0,0,0,0),(1499,51,'qb',65,96,0,2,0,0,0,0),(1500,51,'qc',50,51,1,1,1,0,0,0),(1501,51,'qd',49,68,1,0,0,0,0,0),(1502,52,'g1',39,38,1,4,0,0,0,0),(1503,52,'g1',73,36,2,3,0,0,0,0),(1504,52,'g1',38,73,1,2,0,0,0,0),(1505,52,'g1',36,39,4,1,0,0,0,0),(1506,52,'g1',39,73,2,2,0,0,0,0),(1507,52,'g1',38,36,2,1,0,0,0,0),(1508,52,'g2',44,41,1,1,0,0,0,0),(1509,52,'g2',46,113,0,3,0,0,0,0),(1510,52,'g2',41,46,4,2,0,0,0,0),(1511,52,'g2',113,44,0,4,0,0,0,0),(1512,52,'g2',44,46,2,0,0,0,0,0),(1513,52,'g2',41,113,4,1,0,0,0,0),(1514,52,'g3',92,110,1,0,0,0,0,0),(1515,52,'g3',74,43,2,0,0,0,0,0),(1516,52,'g3',110,74,2,2,0,0,0,0),(1517,52,'g3',43,92,1,2,0,0,0,0),(1518,52,'g3',92,74,3,1,0,0,0,0),(1519,52,'g3',110,43,0,2,0,0,0,0),(1520,52,'g4',45,114,0,1,0,0,0,0),(1521,52,'g4',40,42,0,2,0,0,0,0),(1522,52,'g4',114,40,1,2,0,0,0,0),(1523,52,'g4',42,45,1,2,0,0,0,0),(1524,52,'g4',45,40,3,2,0,0,0,0),(1525,52,'g4',114,42,2,1,0,0,0,0),(1526,52,'g5',47,37,4,6,0,0,0,0),(1527,52,'g5',115,91,3,1,0,0,0,0),(1528,52,'g5',37,115,3,4,0,0,0,0),(1529,52,'g5',91,47,0,3,0,0,0,0),(1530,52,'g5',47,115,3,2,0,0,0,0),(1531,52,'g5',37,91,3,2,0,0,0,0),(1532,52,'f1',92,36,4,2,0,0,0,0),(1533,52,'f3',45,38,2,2,2,1,0,0),(1534,52,'sa',92,45,3,1,0,0,0,0),(1535,52,'sb',38,36,3,4,0,0,0,0),(1536,52,'qa',92,47,2,1,0,0,0,0),(1537,52,'qb',44,38,0,4,0,0,0,0),(1538,52,'qc',36,41,4,2,0,0,0,0),(1539,52,'qd',37,45,1,2,0,0,0,0),(1540,53,'g1',58,59,3,2,0,0,0,0),(1541,53,'g1',121,119,1,2,0,0,0,0),(1542,53,'g1',59,121,3,0,0,0,0,0),(1543,53,'g1',119,58,3,1,0,0,0,0),(1544,53,'g1',58,121,4,2,0,0,0,0),(1545,53,'g1',59,119,4,3,0,0,0,0),(1546,53,'g2',61,63,1,2,0,0,0,0),(1547,53,'g2',83,71,2,1,0,0,0,0),(1548,53,'g2',63,83,2,0,0,0,0,0),(1549,53,'g2',71,61,0,1,0,0,0,0),(1550,53,'g2',61,83,1,2,0,0,0,0),(1551,53,'g2',63,71,3,2,0,0,0,0),(1552,53,'g3',79,81,3,2,0,0,0,0),(1553,53,'g3',82,120,2,2,0,0,0,0),(1554,53,'g3',81,82,4,2,0,0,0,0),(1555,53,'g3',120,79,0,2,0,0,0,0),(1556,53,'g3',79,82,3,3,0,0,0,0),(1557,53,'g3',81,120,2,0,0,0,0,0),(1558,53,'g4',80,57,1,3,0,0,0,0),(1559,53,'g4',60,64,1,2,0,0,0,0),(1560,53,'g4',57,60,0,2,0,0,0,0),(1561,53,'g4',64,80,2,0,0,0,0,0),(1562,53,'g4',80,60,3,3,0,0,0,0),(1563,53,'g4',57,64,2,1,0,0,0,0),(1564,53,'f1',63,57,2,2,1,0,0,0),(1565,53,'f3',64,59,1,2,0,0,0,0),(1566,53,'sa',63,64,6,1,0,0,0,0),(1567,53,'sb',57,59,3,0,0,0,0,0),(1568,53,'qa',63,83,2,2,1,0,0,0),(1569,53,'qb',79,57,1,4,0,0,0,0),(1570,53,'qc',59,119,4,3,0,0,0,0),(1571,53,'qd',64,81,3,1,0,0,0,0),(1572,54,'g1',45,90,2,3,0,0,0,0),(1573,54,'g1',36,117,3,3,0,0,0,0),(1574,54,'g1',90,36,2,3,0,0,0,0),(1575,54,'g1',117,45,2,2,0,0,0,0),(1576,54,'g1',45,36,1,4,0,0,0,0),(1577,54,'g1',90,117,1,3,0,0,0,0),(1578,54,'g2',85,84,2,1,0,0,0,0),(1579,54,'g2',87,89,1,3,0,0,0,0),(1580,54,'g2',84,87,1,1,0,0,0,0),(1581,54,'g2',89,85,2,4,0,0,0,0),(1582,54,'g2',85,87,6,2,0,0,0,0),(1583,54,'g2',84,89,3,0,0,0,0,0),(1584,54,'g3',86,118,1,2,0,0,0,0),(1585,54,'g3',109,48,0,0,0,0,0,0),(1586,54,'g3',118,109,1,2,0,0,0,0),(1587,54,'g3',48,86,3,1,0,0,0,0),(1588,54,'g3',86,109,3,1,0,0,0,0),(1589,54,'g3',118,48,1,3,0,0,0,0),(1590,54,'g4',88,116,2,4,0,0,0,0),(1591,54,'g4',38,92,4,1,0,0,0,0),(1592,54,'g4',116,38,2,3,0,0,0,0),(1593,54,'g4',92,88,2,0,0,0,0,0),(1594,54,'g4',88,38,3,0,0,0,0,0),(1595,54,'g4',116,92,6,5,0,0,0,0),(1596,54,'f1',85,48,1,1,0,1,0,0),(1597,54,'f3',38,84,1,5,0,0,0,0),(1598,54,'sa',85,38,4,2,0,0,0,0),(1599,54,'sb',84,48,1,2,0,0,0,0),(1600,54,'qa',85,109,3,2,0,0,0,0),(1601,54,'qb',36,84,2,7,0,0,0,0),(1602,54,'qc',48,117,2,1,0,0,0,0),(1603,54,'qd',116,38,2,4,0,0,0,0),(1604,55,'g1',47,84,2,1,0,0,0,0),(1605,55,'g1',57,63,2,3,0,0,0,0),(1606,55,'g1',84,57,0,0,0,0,0,0),(1607,55,'g1',63,47,1,3,0,0,0,0),(1608,55,'g1',47,57,3,2,0,0,0,0),(1609,55,'g1',84,63,0,2,0,0,0,0),(1610,55,'g2',85,59,5,0,0,0,0,0),(1611,55,'g2',64,48,2,1,0,0,0,0),(1612,55,'g2',59,64,2,1,0,0,0,0),(1613,55,'g2',48,85,2,2,0,0,0,0),(1614,55,'g2',85,64,1,1,0,0,0,0),(1615,55,'g2',59,48,0,1,0,0,0,0),(1616,55,'f1',64,85,1,1,0,0,0,2),(1617,55,'f3',47,63,1,3,0,0,0,0),(1618,55,'sa',47,64,1,3,0,0,0,0),(1619,55,'sb',85,63,2,1,0,0,0,0),(1620,56,'g1',51,94,1,5,0,0,0,0),(1621,56,'g1',140,49,1,2,0,0,0,0),(1622,56,'g1',94,140,0,1,0,0,0,0),(1623,56,'g1',49,51,3,2,0,0,0,0),(1624,56,'g1',51,140,1,4,0,0,0,0),(1625,56,'g1',94,49,3,2,0,0,0,0),(1626,56,'g2',53,95,1,1,0,0,0,0),(1627,56,'g2',96,143,0,2,0,0,0,0),(1628,56,'g2',95,96,1,3,0,0,0,0),(1629,56,'g2',143,53,2,3,0,0,0,0),(1630,56,'g2',53,96,2,1,0,0,0,0),(1631,56,'g2',95,143,0,0,0,0,0,0),(1632,56,'g3',50,56,2,0,0,0,0,0),(1633,56,'g3',141,68,1,1,0,0,0,0),(1634,56,'g3',56,141,5,1,0,0,0,0),(1635,56,'g3',68,50,0,0,0,0,0,0),(1636,56,'g3',50,141,3,1,0,0,0,0),(1637,56,'g3',56,68,1,2,0,0,0,0),(1638,56,'g4',93,52,0,0,0,0,0,0),(1639,56,'g4',138,145,0,1,0,0,0,0),(1640,56,'g4',52,138,0,1,0,0,0,0),(1641,56,'g4',145,93,0,4,0,0,0,0),(1642,56,'g4',93,138,0,3,0,0,0,0),(1643,56,'g4',52,145,1,0,0,0,0,0),(1644,56,'g5',65,139,1,2,0,0,0,0),(1645,56,'g5',144,142,0,2,0,0,0,0),(1646,56,'g5',139,144,1,2,0,0,0,0),(1647,56,'g5',142,65,1,0,0,0,0,0),(1648,56,'g5',65,144,4,2,0,0,0,0),(1649,56,'g5',139,142,1,4,0,0,0,0),(1650,56,'f1',142,53,2,1,0,0,0,0),(1651,56,'f3',138,50,1,2,0,0,0,0),(1652,56,'sa',142,138,2,2,0,0,1,0),(1653,56,'sb',50,53,2,2,0,1,0,0),(1654,56,'qa',142,143,2,1,0,0,0,0),(1655,56,'qb',50,68,0,0,1,1,2,1),(1656,56,'qc',53,140,2,1,0,0,0,0),(1657,56,'qd',94,138,0,1,0,0,0,0),(1658,57,'g1',39,43,2,1,0,0,0,0),(1659,57,'g1',74,124,2,3,0,0,0,0),(1660,57,'g1',43,74,2,5,0,0,0,0),(1661,57,'g1',124,39,2,1,0,0,0,0),(1662,57,'g1',39,74,0,2,0,0,0,0),(1663,57,'g1',43,124,2,0,0,0,0,0),(1664,57,'g2',47,46,2,1,0,0,0,0),(1665,57,'g2',41,91,2,4,0,0,0,0),(1666,57,'g2',46,41,0,0,0,0,0,0),(1667,57,'g2',91,47,0,0,0,0,0,0),(1668,57,'g2',47,41,6,2,0,0,0,0),(1669,57,'g2',46,91,1,2,0,0,0,0),(1670,57,'g3',44,37,3,5,0,0,0,0),(1671,57,'g3',127,73,1,1,0,0,0,0),(1672,57,'g3',37,127,2,0,0,0,0,0),(1673,57,'g3',73,44,0,3,0,0,0,0),(1674,57,'g3',44,127,0,2,0,0,0,0),(1675,57,'g3',37,73,2,2,0,0,0,0),(1676,57,'g4',36,126,4,2,0,0,0,0),(1677,57,'g4',110,125,6,0,0,0,0,0),(1678,57,'g4',126,110,0,0,0,0,0,0),(1679,57,'g4',125,36,0,3,0,0,0,0),(1680,57,'g4',36,110,3,0,0,0,0,0),(1681,57,'g4',126,125,3,0,0,0,0,0),(1682,57,'g5',45,113,5,0,0,0,0,0),(1683,57,'g5',114,40,2,2,0,0,0,0),(1684,57,'g5',113,114,1,0,0,0,0,0),(1685,57,'g5',40,45,3,1,0,0,0,0),(1686,57,'g5',45,114,2,0,0,0,0,0),(1687,57,'g5',113,40,1,3,0,0,0,0),(1688,57,'g6',92,42,3,3,0,0,0,0),(1689,57,'g6',38,115,5,0,0,0,0,0),(1690,57,'g6',42,38,3,3,0,0,0,0),(1691,57,'g6',115,92,2,2,0,0,0,0),(1692,57,'g6',92,38,0,0,0,0,0,0),(1693,57,'g6',42,115,2,2,0,0,0,0),(1694,57,'f1',126,37,2,2,0,0,1,3),(1695,57,'f3',113,47,1,3,0,0,0,0),(1696,57,'sa',113,126,1,1,1,1,0,1),(1697,57,'sb',47,37,1,2,0,0,0,0),(1698,57,'qa',113,45,1,1,2,0,0,0),(1699,57,'qb',47,110,4,3,0,0,0,0),(1700,57,'qc',37,38,3,2,0,0,0,0),(1701,57,'qd',126,42,2,1,0,0,0,0),(1702,57,'o1',36,113,1,1,1,2,0,0),(1703,57,'o2',47,43,2,2,2,0,0,0),(1704,57,'o3',37,44,2,1,0,0,0,0),(1705,57,'o4',40,126,3,3,0,1,0,0),(1706,57,'o5',74,42,1,2,0,0,0,0),(1707,57,'o6',38,127,6,1,0,0,0,0),(1708,57,'o7',91,110,2,2,0,1,0,0),(1709,57,'o8',45,124,2,2,1,0,0,0),(1710,58,'g1',86,37,1,2,0,0,0,0),(1711,58,'g1',131,116,1,2,0,0,0,0),(1712,58,'g1',37,131,3,1,0,0,0,0),(1713,58,'g1',116,86,1,1,0,0,0,0),(1714,58,'g1',86,131,3,1,0,0,0,0),(1715,58,'g1',37,116,5,3,0,0,0,0),(1716,58,'g2',85,130,2,3,0,0,0,0),(1717,58,'g2',87,128,0,0,0,0,0,0),(1718,58,'g2',130,87,2,1,0,0,0,0),(1719,58,'g2',128,85,2,4,0,0,0,0),(1720,58,'g2',85,87,2,1,0,0,0,0),(1721,58,'g2',130,128,3,3,0,0,0,0),(1722,58,'g3',48,126,1,1,0,0,0,0),(1723,58,'g3',89,113,1,1,0,0,0,0),(1724,58,'g3',126,89,0,1,0,0,0,0),(1725,58,'g3',113,48,2,1,0,0,0,0),(1726,58,'g3',48,89,1,0,0,0,0,0),(1727,58,'g3',126,113,1,0,0,0,0,0),(1728,58,'g4',88,117,0,1,0,0,0,0),(1729,58,'g4',90,129,0,2,0,0,0,0),(1730,58,'g4',117,90,1,0,0,0,0,0),(1731,58,'g4',129,88,0,1,0,0,0,0),(1732,58,'g4',88,90,2,3,0,0,0,0),(1733,58,'g4',117,129,1,2,0,0,0,0),(1734,58,'g5',84,109,3,0,0,0,0,0),(1735,58,'g5',118,47,2,1,0,0,0,0),(1736,58,'g5',109,118,0,1,0,0,0,0),(1737,58,'g5',47,84,2,2,0,0,0,0),(1738,58,'g5',84,118,2,1,0,0,0,0),(1739,58,'g5',109,47,0,3,0,0,0,0),(1740,58,'f1',37,130,1,3,0,0,0,0),(1741,58,'f3',113,118,0,2,0,0,0,0),(1742,58,'sa',37,113,3,1,0,0,0,0),(1743,58,'sb',118,130,1,2,0,0,0,0),(1744,58,'qa',37,117,4,1,0,0,0,0),(1745,58,'qb',84,118,2,3,0,0,0,0),(1746,58,'qc',130,85,2,1,0,0,0,0),(1747,58,'qd',129,113,0,6,0,0,0,0),(1748,59,'g1',59,132,1,4,0,0,0,0),(1749,59,'g1',71,61,1,1,0,0,0,0),(1750,59,'g1',132,71,1,3,0,0,0,0),(1751,59,'g1',61,59,2,3,0,0,0,0),(1752,59,'g1',59,71,3,1,0,0,0,0),(1753,59,'g1',132,61,2,0,0,0,0,0),(1754,59,'g2',80,123,0,3,0,0,0,0),(1755,59,'g2',122,120,3,0,0,0,0,0),(1756,59,'g2',123,122,3,2,0,0,0,0),(1757,59,'g2',120,80,2,0,0,0,0,0),(1758,59,'g2',80,122,0,3,0,0,0,0),(1759,59,'g2',123,120,2,0,0,0,0,0),(1760,59,'g3',63,82,3,3,0,0,0,0),(1761,59,'g3',121,57,0,4,0,0,0,0),(1762,59,'g3',82,121,4,0,0,0,0,0),(1763,59,'g3',57,63,1,2,0,0,0,0),(1764,59,'g3',63,121,3,1,0,0,0,0),(1765,59,'g3',82,57,1,2,0,0,0,0),(1766,59,'g4',79,64,0,0,0,0,0,0),(1767,59,'g4',137,134,1,1,0,0,0,0),(1768,59,'g4',64,137,1,1,0,0,0,0),(1769,59,'g4',134,79,1,1,0,0,0,0),(1770,59,'g4',79,137,1,0,0,0,0,0),(1771,59,'g4',64,134,1,2,0,0,0,0),(1772,59,'g5',58,119,3,1,0,0,0,0),(1773,59,'g5',136,83,4,2,0,0,0,0),(1774,59,'g5',119,136,1,1,0,0,0,0),(1775,59,'g5',83,58,4,2,0,0,0,0),(1776,59,'g5',58,136,2,3,0,0,0,0),(1777,59,'g5',119,83,4,0,0,0,0,0),(1778,59,'g6',81,133,0,2,0,0,0,0),(1779,59,'g6',60,135,4,6,0,0,0,0),(1780,59,'g6',133,60,3,1,0,0,0,0),(1781,59,'g6',135,81,1,3,0,0,0,0),(1782,59,'g6',81,60,1,2,0,0,0,0),(1783,59,'g6',133,135,0,0,0,0,0,0),(1784,59,'f1',135,119,1,1,1,0,0,0),(1785,59,'f3',81,79,1,2,0,0,0,0),(1786,59,'sa',81,135,0,0,0,0,0,2),(1787,59,'sb',79,119,1,2,0,0,0,0),(1788,59,'qa',81,59,3,2,0,0,0,0),(1789,59,'qb',58,79,4,5,0,0,0,0),(1790,59,'qc',71,119,1,2,0,0,0,0),(1791,59,'qd',136,135,2,3,0,0,0,0),(1792,59,'o1',123,81,0,2,0,0,0,0),(1793,59,'o2',133,58,0,2,0,0,0,0),(1794,59,'o3',63,71,1,5,0,0,0,0),(1795,59,'o4',136,82,1,0,0,0,0,0),(1796,59,'o5',132,135,3,3,0,1,0,0),(1797,59,'o6',134,119,1,3,0,0,0,0),(1798,59,'o7',122,79,2,4,0,0,0,0),(1799,59,'o8',57,59,2,2,0,0,1,2),(1800,60,'g1',85,37,1,2,0,0,0,0),(1801,60,'g1',81,135,1,1,0,0,0,0),(1802,60,'g1',37,81,1,2,0,0,0,0),(1803,60,'g1',135,85,1,2,0,0,0,0),(1804,60,'g1',85,81,2,2,0,0,0,0),(1805,60,'g1',37,135,5,1,0,0,0,0),(1806,60,'g2',79,130,4,1,0,0,0,0),(1807,60,'g2',119,118,2,1,0,0,0,0),(1808,60,'g2',130,119,1,2,0,0,0,0),(1809,60,'g2',118,79,3,2,0,0,0,0),(1810,60,'g2',79,119,0,1,0,0,0,0),(1811,60,'g2',130,118,3,3,0,0,0,0),(1812,60,'f1',119,37,4,3,0,0,0,0),(1813,60,'f3',118,81,1,4,0,0,0,0),(1814,60,'sa',119,118,3,1,0,0,0,0),(1815,60,'sb',37,81,3,2,0,0,0,0),(1816,61,'g1',50,52,3,1,0,0,0,0),(1817,61,'g1',140,145,1,1,0,0,0,0),(1818,61,'g1',52,140,2,0,0,0,0,0),(1819,61,'g1',145,50,0,3,0,0,0,0),(1820,61,'g1',50,140,3,1,0,0,0,0),(1821,61,'g1',52,145,0,0,0,0,0,0),(1822,61,'g2',51,142,3,1,0,0,0,0),(1823,61,'g2',49,139,3,1,0,0,0,0),(1824,61,'g2',142,49,0,4,0,0,0,0),(1825,61,'g2',139,51,3,3,0,0,0,0),(1826,61,'g2',51,49,2,0,0,0,0,0),(1827,61,'g2',142,139,3,1,0,0,0,0),(1828,61,'g3',93,56,1,0,0,0,0,0),(1829,61,'g3',95,138,1,3,0,0,0,0),(1830,61,'g3',56,95,4,1,0,0,0,0),(1831,61,'g3',138,93,4,2,0,0,0,0),(1832,61,'g3',93,95,2,2,0,0,0,0),(1833,61,'g3',56,138,1,2,0,0,0,0),(1834,61,'g4',65,96,2,2,0,0,0,0),(1835,61,'g4',143,68,0,3,0,0,0,0),(1836,61,'g4',96,143,4,1,0,0,0,0),(1837,61,'g4',68,65,1,0,0,0,0,0),(1838,61,'g4',65,143,1,1,0,0,0,0),(1839,61,'g4',96,68,1,1,0,0,0,0),(1840,61,'g5',53,141,1,1,0,0,0,0),(1841,61,'g5',94,144,4,1,0,0,0,0),(1842,61,'g5',141,94,3,3,0,0,0,0),(1843,61,'g5',144,53,1,4,0,0,0,0),(1844,61,'g5',53,94,3,2,0,0,0,0),(1845,61,'g5',141,144,2,2,0,0,0,0),(1846,61,'f1',50,138,2,1,0,0,0,0),(1847,61,'f3',53,49,2,3,0,0,0,0),(1848,61,'sa',50,53,2,2,1,1,2,0),(1849,61,'sb',138,49,1,0,0,0,0,0),(1850,61,'qa',50,94,0,0,0,0,2,0),(1851,61,'qb',138,96,3,0,0,0,0,0),(1852,61,'qc',51,49,2,3,0,0,0,0),(1853,61,'qd',53,68,3,1,0,0,0,0),(1854,63,'g1',92,73,2,1,0,0,0,0),(1855,63,'g1',40,126,1,1,0,0,0,0),(1856,63,'g1',73,40,1,1,0,0,0,0),(1857,63,'g1',126,92,4,3,0,0,0,0),(1858,63,'g1',92,40,2,4,0,0,0,0),(1859,63,'g1',73,126,3,4,0,0,0,0),(1860,63,'g2',39,127,1,4,0,0,0,0),(1861,63,'g2',114,110,1,1,0,0,0,0),(1862,63,'g2',127,114,2,2,0,0,0,0),(1863,63,'g2',110,39,1,1,0,0,0,0),(1864,63,'g2',39,114,1,0,0,0,0,0),(1865,63,'g2',127,110,1,2,0,0,0,0),(1866,63,'g3',44,125,4,3,0,0,0,0),(1867,63,'g3',42,113,0,2,0,0,0,0),(1868,63,'g3',125,42,2,0,0,0,0,0),(1869,63,'g3',113,44,2,2,0,0,0,0),(1870,63,'g3',44,42,3,0,0,0,0,0),(1871,63,'g3',125,113,0,1,0,0,0,0),(1872,63,'g4',47,46,5,2,0,0,0,0),(1873,63,'g4',43,91,1,0,0,0,0,0),(1874,63,'g4',46,43,1,1,0,0,0,0),(1875,63,'g4',91,47,2,2,0,0,0,0),(1876,63,'g4',47,43,1,1,0,0,0,0),(1877,63,'g4',46,91,0,2,0,0,0,0),(1878,63,'g5',45,74,3,1,0,0,0,0),(1879,63,'g5',41,124,0,0,0,0,0,0),(1880,63,'g5',74,41,0,0,0,0,0,0),(1881,63,'g5',124,45,0,2,0,0,0,0),(1882,63,'g5',45,41,1,0,0,0,0,0),(1883,63,'g5',74,124,0,4,0,0,0,0),(1884,63,'g6',37,115,1,1,0,0,0,0),(1885,63,'g6',38,36,4,0,0,0,0,0),(1886,63,'g6',115,38,0,3,0,0,0,0),(1887,63,'g6',36,37,1,0,0,0,0,0),(1888,63,'g6',37,38,2,2,0,0,0,0),(1889,63,'g6',115,36,3,2,0,0,0,0),(1890,63,'f1',92,110,2,1,0,0,0,0),(1891,63,'f3',126,125,1,1,0,0,1,0),(1892,63,'sa',92,126,3,1,0,0,0,0),(1893,63,'sb',125,110,1,1,0,0,1,2),(1894,63,'qa',92,40,1,1,1,1,3,1),(1895,63,'qb',125,127,3,3,1,0,0,0),(1896,63,'qc',39,110,1,4,0,0,0,0),(1897,63,'qd',126,115,4,1,0,0,0,0),(1898,63,'o1',45,92,0,1,0,0,0,0),(1899,63,'o2',38,125,2,4,0,0,0,0),(1900,63,'o3',44,39,0,1,0,0,0,0),(1901,63,'o4',126,91,1,0,0,0,0,0),(1902,63,'o5',47,115,2,3,0,0,0,0),(1903,63,'o6',110,124,2,1,0,0,0,0),(1904,63,'o7',113,127,0,3,0,0,0,0),(1905,63,'o8',40,43,0,0,1,0,0,0),(1906,64,'g1',84,92,2,3,0,0,0,0),(1907,64,'g1',116,126,5,0,0,0,0,0),(1908,64,'g1',92,116,3,2,0,0,0,0),(1909,64,'g1',126,84,1,4,0,0,0,0),(1910,64,'g1',84,116,2,1,0,0,0,0),(1911,64,'g1',92,126,1,2,0,0,0,0),(1912,64,'g2',48,155,1,2,0,0,0,0),(1913,64,'g2',152,118,0,1,0,0,0,0),(1914,64,'g2',155,152,0,1,0,0,0,0),(1915,64,'g2',118,48,0,3,0,0,0,0),(1916,64,'g2',48,152,4,1,0,0,0,0),(1917,64,'g2',155,118,1,2,0,0,0,0),(1918,64,'g3',88,156,1,1,0,0,0,0),(1919,64,'g3',129,89,3,2,0,0,0,0),(1920,64,'g3',156,129,3,0,0,0,0,0),(1921,64,'g3',89,88,1,3,0,0,0,0),(1922,64,'g3',88,129,3,0,0,0,0,0),(1923,64,'g3',156,89,3,2,0,0,0,0),(1924,64,'g4',130,150,1,0,0,0,0,0),(1925,64,'g4',117,40,0,2,0,0,0,0),(1926,64,'g4',150,117,1,3,0,0,0,0),(1927,64,'g4',40,130,2,1,0,0,0,0),(1928,64,'g4',130,117,1,3,0,0,0,0),(1929,64,'g4',150,40,0,3,0,0,0,0),(1930,64,'g5',85,125,3,0,0,0,0,0),(1931,64,'g5',153,127,1,3,0,0,0,0),(1932,64,'g5',125,153,2,2,0,0,0,0),(1933,64,'g5',127,85,0,1,0,0,0,0),(1934,64,'g5',85,153,4,2,0,0,0,0),(1935,64,'g5',125,127,0,3,0,0,0,0),(1936,64,'g6',86,128,1,2,0,0,0,0),(1937,64,'g6',151,110,1,3,0,0,0,0),(1938,64,'g6',128,151,2,2,0,0,0,0),(1939,64,'g6',110,86,2,4,0,0,0,0),(1940,64,'g6',86,151,3,1,0,0,0,0),(1941,64,'g6',128,110,3,0,0,0,0,0),(1942,64,'f1',118,117,1,2,0,0,0,0),(1943,64,'f3',86,155,1,2,0,0,0,0),(1944,64,'sa',86,118,1,1,0,2,0,0),(1945,64,'sb',117,155,0,0,2,1,0,0),(1946,64,'qa',110,86,1,2,0,0,0,0),(1947,64,'qb',40,117,0,3,0,0,0,0),(1948,64,'qc',155,84,2,1,0,0,0,0),(1949,64,'qd',116,118,1,3,0,0,0,0),(1950,64,'o1',85,110,0,1,0,0,0,0),(1951,64,'o2',40,130,1,0,0,0,0,0),(1952,64,'o3',88,155,1,2,0,0,0,0),(1953,64,'o4',128,116,1,2,0,0,0,0),(1954,64,'o5',48,118,2,3,0,0,0,0),(1955,64,'o6',84,92,5,2,0,0,0,0),(1956,64,'o7',156,117,0,3,0,0,0,0),(1957,64,'o8',127,86,1,3,0,0,0,0),(1958,65,'g1',63,137,0,1,0,0,0,0),(1959,65,'g1',57,82,3,3,0,0,0,0),(1960,65,'g1',137,57,0,2,0,0,0,0),(1961,65,'g1',82,63,2,2,0,0,0,0),(1962,65,'g1',63,57,2,2,0,0,0,0),(1963,65,'g1',137,82,1,1,0,0,0,0),(1964,65,'g2',79,120,4,1,0,0,0,0),(1965,65,'g2',146,147,2,1,0,0,0,0),(1966,65,'g2',120,146,2,0,0,0,0,0),(1967,65,'g2',147,79,1,2,0,0,0,0),(1968,65,'g2',79,146,0,1,0,0,0,0),(1969,65,'g2',120,147,1,0,0,0,0,0),(1970,65,'g3',59,123,0,1,0,0,0,0),(1971,65,'g3',119,135,0,2,0,0,0,0),(1972,65,'g3',123,119,0,1,0,0,0,0),(1973,65,'g3',135,59,1,3,0,0,0,0),(1974,65,'g3',59,119,3,3,0,0,0,0),(1975,65,'g3',123,135,1,2,0,0,0,0),(1976,65,'g4',60,148,3,1,0,0,0,0),(1977,65,'g4',134,149,0,1,0,0,0,0),(1978,65,'g4',148,134,2,0,0,0,0,0),(1979,65,'g4',149,60,1,3,0,0,0,0),(1980,65,'g4',60,134,2,1,0,0,0,0),(1981,65,'g4',148,149,5,1,0,0,0,0),(1982,65,'g5',58,64,3,5,0,0,0,0),(1983,65,'g5',71,132,0,3,0,0,0,0),(1984,65,'g5',64,71,0,0,0,0,0,0),(1985,65,'g5',132,58,1,1,0,0,0,0),(1986,65,'g5',58,71,2,2,0,0,0,0),(1987,65,'g5',64,132,2,2,0,0,0,0),(1988,65,'g6',81,136,0,1,0,0,0,0),(1989,65,'g6',122,133,1,1,0,0,0,0),(1990,65,'g6',136,122,1,1,0,0,0,0),(1991,65,'g6',133,81,0,1,0,0,0,0),(1992,65,'g6',81,122,1,0,0,0,0,0),(1993,65,'g6',136,133,1,2,0,0,0,0),(1994,65,'f1',81,136,0,0,0,1,0,0),(1995,65,'f3',60,59,2,4,0,0,0,0),(1996,65,'sa',60,81,2,4,0,0,0,0),(1997,65,'sb',59,136,1,1,0,1,0,0),(1998,65,'qa',60,64,3,1,0,0,0,0),(1999,65,'qb',119,59,1,2,0,0,0,0),(2000,65,'qc',136,133,1,0,0,0,0,0),(2001,65,'qd',81,132,2,0,0,0,0,0),(2002,65,'o1',60,149,2,1,0,0,0,0),(2003,65,'o2',79,119,0,2,0,0,0,0),(2004,65,'o3',135,136,0,2,0,0,0,0),(2005,65,'o4',81,146,2,2,0,0,2,1),(2006,65,'o5',132,137,4,0,0,0,0,0),(2007,65,'o6',57,133,1,2,0,0,0,0),(2008,65,'o7',148,59,2,3,0,0,0,0),(2009,65,'o8',120,64,3,3,0,2,0,0),(2010,66,'g1',81,118,2,2,0,0,0,0),(2011,66,'g1',117,86,1,1,0,0,0,0),(2012,66,'g1',118,117,1,2,0,0,0,0),(2013,66,'g1',86,81,0,2,0,0,0,0),(2014,66,'g1',81,117,1,2,0,0,0,0),(2015,66,'g1',118,86,0,2,0,0,0,0),(2016,66,'g2',119,155,3,2,0,0,0,0),(2017,66,'g2',59,136,1,1,0,0,0,0),(2018,66,'g2',155,59,0,1,0,0,0,0),(2019,66,'g2',136,119,0,0,0,0,0,0),(2020,66,'g2',119,59,1,0,0,0,0,0),(2021,66,'g2',155,136,0,2,0,0,0,0),(2022,66,'f1',81,136,4,0,0,0,0,0),(2023,66,'f3',117,119,0,1,0,0,0,0),(2024,66,'sa',117,81,0,1,0,0,0,0),(2025,66,'sb',119,136,0,1,0,0,0,0),(2026,67,'g1',68,143,0,0,0,0,0,0),(2027,67,'g1',94,142,0,0,0,0,0,0),(2028,67,'g1',143,94,0,0,0,0,0,0),(2029,67,'g1',142,68,0,0,0,0,0,0),(2030,67,'g1',68,94,0,0,0,0,0,0),(2031,67,'g1',143,142,0,0,0,0,0,0),(2032,67,'g2',49,52,0,0,0,0,0,0),(2033,67,'g2',96,95,0,0,0,0,0,0),(2034,67,'g2',52,96,0,0,0,0,0,0),(2035,67,'g2',95,49,0,0,0,0,0,0),(2036,67,'g2',49,96,0,0,0,0,0,0),(2037,67,'g2',52,95,0,0,0,0,0,0),(2038,67,'g3',50,145,0,0,0,0,0,0),(2039,67,'g3',93,144,0,0,0,0,0,0),(2040,67,'g3',145,93,0,0,0,0,0,0),(2041,67,'g3',144,50,0,0,0,0,0,0),(2042,67,'g3',50,93,0,0,0,0,0,0),(2043,67,'g3',145,144,0,0,0,0,0,0),(2044,67,'g4',53,157,0,0,0,0,0,0),(2045,67,'g4',138,141,0,0,0,0,0,0),(2046,67,'g4',157,138,0,0,0,0,0,0),(2047,67,'g4',141,53,0,0,0,0,0,0),(2048,67,'g4',53,138,0,0,0,0,0,0),(2049,67,'g4',157,141,0,0,0,0,0,0),(2050,67,'g5',51,160,0,0,0,0,0,0),(2051,67,'g5',56,158,0,0,0,0,0,0),(2052,67,'g5',160,56,0,0,0,0,0,0),(2053,67,'g5',158,51,0,0,0,0,0,0),(2054,67,'g5',51,56,0,0,0,0,0,0),(2055,67,'g5',160,158,0,0,0,0,0,0),(2056,67,'g6',65,139,0,0,0,0,0,0),(2057,67,'g6',159,140,0,0,0,0,0,0),(2058,67,'g6',139,159,0,0,0,0,0,0),(2059,67,'g6',140,65,0,0,0,0,0,0),(2060,67,'g6',65,159,0,0,0,0,0,0),(2061,67,'g6',139,140,0,0,0,0,0,0);
/*!40000 ALTER TABLE `GAME` ENABLE KEYS */;
UNLOCK TABLES;

--
-- Table structure for table `GAME_TYPE`
--

DROP TABLE IF EXISTS `GAME_TYPE`;
/*!40101 SET @saved_cs_client     = @@character_set_client */;
/*!40101 SET character_set_client = utf8 */;
CREATE TABLE `GAME_TYPE` (
  `ID` int(10) unsigned NOT NULL AUTO_INCREMENT,
  `CODE` varchar(2) NOT NULL,
  `DESCRIPTION` varchar(30) NOT NULL,
  PRIMARY KEY (`ID`),
  KEY `IDX_CODE` (`CODE`)
) ENGINE=InnoDB AUTO_INCREMENT=25 DEFAULT CHARSET=latin1;
/*!40101 SET character_set_client = @saved_cs_client */;

--
-- Dumping data for table `GAME_TYPE`
--

LOCK TABLES `GAME_TYPE` WRITE;
/*!40000 ALTER TABLE `GAME_TYPE` DISABLE KEYS */;
INSERT INTO `GAME_TYPE` VALUES (1,'f1','Final'),(2,'f3','Decisão do 3º Lugar'),(3,'g1','Grupo A'),(4,'g2','Grupo B'),(5,'g3','Grupo C'),(6,'g4','Grupo D'),(7,'g5','Grupo E'),(8,'g6','Grupo F'),(9,'g7','Grupo G'),(10,'g8','Grupo H'),(11,'o1','Oitava de Final 1'),(12,'o2','Oitava de Final 2'),(13,'o3','Oitava de Final 3'),(14,'o4','Oitava de Final 4'),(15,'o5','Oitava de Final 5'),(16,'o6','Oitava de Final 6'),(17,'o7','Oitava de Final 7'),(18,'o8','Oitava de Final 8'),(19,'qa','Quarta de Final A'),(20,'qb','Quarta de Final B'),(21,'qc','Quarta de Final C'),(22,'qd','Quarta de Final D'),(23,'sa','Semifinal AD'),(24,'sb','Semifinal BC');
/*!40000 ALTER TABLE `GAME_TYPE` ENABLE KEYS */;
UNLOCK TABLES;

--
-- Table structure for table `RANKING`
--

DROP TABLE IF EXISTS `RANKING`;
/*!40101 SET @saved_cs_client     = @@character_set_client */;
/*!40101 SET character_set_client = utf8 */;
CREATE TABLE `RANKING` (
  `ID` int(10) unsigned NOT NULL AUTO_INCREMENT,
  `COD_CHAMPIONSHIP_TYPE` varchar(2) NOT NULL,
  `ID_TEAM` int(10) unsigned NOT NULL,
  `NUM_BEST_POS` smallint(5) unsigned NOT NULL,
  `NUM_WORST_POS` smallint(5) unsigned NOT NULL,
  `NUM_AVG_POS` double(15,5) unsigned NOT NULL,
  `NUM_PARTICIPATIONS` int(10) unsigned NOT NULL,
  `NUM_RANKING_POINTS` int(10) unsigned NOT NULL,
  `NUM_RANKING_POS` smallint(5) unsigned NOT NULL,
  `NUM_POINTS` int(10) unsigned NOT NULL,
  `NUM_GAMES` int(10) unsigned NOT NULL,
  `NUM_WINS` int(10) unsigned NOT NULL,
  `NUM_TIES` int(10) unsigned NOT NULL,
  `NUM_LOSSES` int(10) unsigned NOT NULL,
  `NUM_GOALS_FOR` int(10) unsigned NOT NULL,
  `NUM_GOALS_AGAINST` int(10) unsigned NOT NULL,
  `NUM_GOAL_DIFF` int(10) NOT NULL,
  `NUM_CHAMPIONSHIPS` int(10) unsigned NOT NULL,
  `NUM_UP_TO_EDITION` int(10) unsigned NOT NULL,
  PRIMARY KEY (`ID`),
  KEY `FK_RANKING_CHAMPIONSHIP_TYPE` (`COD_CHAMPIONSHIP_TYPE`),
  KEY `FK_RANKING_TEAM` (`ID_TEAM`),
  CONSTRAINT `FK_RANKING_CHAMPIONSHIP_TYPE` FOREIGN KEY (`COD_CHAMPIONSHIP_TYPE`) REFERENCES `CHAMPIONSHIP_TYPE` (`CODE`),
  CONSTRAINT `FK_RANKING_TEAM` FOREIGN KEY (`ID_TEAM`) REFERENCES `TEAM` (`ID`)
) ENGINE=InnoDB AUTO_INCREMENT=633 DEFAULT CHARSET=latin1;
/*!40101 SET character_set_client = @saved_cs_client */;

--
-- Dumping data for table `RANKING`
--

LOCK TABLES `RANKING` WRITE;
/*!40000 ALTER TABLE `RANKING` DISABLE KEYS */;
INSERT INTO `RANKING` VALUES (1,'cm',51,5,11,8.00000,2,28,6,4,7,0,4,3,10,15,-5,0,2),(2,'cm',52,9,11,10.00000,2,0,12,5,6,1,2,3,7,11,-4,0,2),(3,'cm',53,2,2,2.00000,2,86,2,24,12,7,3,2,21,15,6,0,2),(4,'cm',56,7,12,9.50000,2,22,10,10,7,3,1,3,13,14,-1,0,2),(5,'cm',65,4,4,4.00000,2,64,4,20,12,6,2,4,23,17,6,0,2),(6,'cm',68,5,8,6.50000,2,47,5,11,8,3,2,3,10,12,-2,0,2),(7,'cm',93,3,3,3.00000,2,74,3,22,12,6,4,2,25,17,8,0,2),(8,'cm',94,6,9,7.50000,2,25,7,5,7,1,2,4,11,14,-3,0,2),(9,'cm',95,7,10,8.50000,2,22,9,5,7,1,2,4,5,10,-5,0,2),(10,'cm',96,6,12,9.00000,2,25,8,6,7,2,0,5,12,17,-5,0,2),(11,'cm',49,3,10,7.00000,3,56,6,19,13,5,4,4,23,20,3,0,3),(12,'cm',50,1,4,2.00000,3,132,1,33,18,10,3,5,36,29,7,2,3),(13,'cm',51,1,11,5.66667,3,78,5,18,13,4,6,3,21,22,-1,1,3),(14,'cm',52,9,11,9.66667,3,0,12,8,9,1,5,3,10,14,-4,0,3),(15,'cm',53,2,6,3.33333,3,111,2,29,16,8,5,3,26,20,6,0,3),(16,'cm',56,7,12,10.33333,3,22,11,10,10,3,1,6,18,24,-6,0,3),(17,'cm',65,2,4,3.33333,3,107,3,32,18,10,2,6,34,23,11,0,3),(18,'cm',68,5,11,8.00000,3,47,7,12,11,3,3,5,13,18,-5,0,3),(19,'cm',93,3,5,3.66667,3,102,4,26,16,7,5,4,30,22,8,0,3),(20,'cm',94,6,9,7.66667,3,44,9,11,11,3,2,6,17,21,-4,0,3),(21,'cm',95,7,10,9.00000,3,22,10,7,10,1,4,5,8,15,-7,0,3),(22,'cm',96,6,12,8.33333,3,47,8,9,11,3,0,8,15,23,-8,0,3),(23,'cm',49,3,10,6.25000,4,88,6,29,19,8,5,6,31,28,3,0,4),(24,'cm',50,1,4,1.75000,4,182,1,45,24,13,6,5,50,37,13,3,4),(25,'cm',51,1,11,5.50000,4,106,4,23,17,5,8,4,29,28,1,1,4),(26,'cm',52,2,11,7.75000,4,43,10,16,15,3,7,5,21,24,-3,0,4),(27,'cm',53,2,12,5.50000,4,111,3,29,19,8,5,6,28,28,0,0,4),(28,'cm',56,7,12,10.50000,4,22,12,10,13,3,1,9,20,31,-11,0,4),(29,'cm',65,2,7,4.25000,4,129,2,39,22,12,3,7,41,30,11,0,4),(30,'cm',68,5,11,7.50000,4,72,8,18,15,5,3,7,16,24,-8,0,4),(31,'cm',93,3,9,5.00000,4,102,5,30,19,8,6,5,33,25,8,0,4),(32,'cm',94,6,9,7.75000,4,63,9,18,15,5,3,7,25,26,-1,0,4),(33,'cm',95,7,10,9.25000,4,22,11,8,13,1,5,7,9,20,-11,0,4),(34,'cm',96,3,12,7.00000,4,84,7,20,17,6,2,9,26,28,-2,0,4),(35,'cm',49,3,11,7.20000,5,88,7,35,22,10,5,7,38,34,4,0,5),(36,'cm',50,1,4,2.00000,5,219,1,57,30,16,9,5,59,41,18,3,5),(37,'cm',51,1,20,8.40000,5,106,4,23,20,5,8,7,33,40,-7,1,5),(38,'cm',52,2,12,8.60000,5,43,11,20,18,4,8,6,22,25,-3,0,5),(39,'cm',53,2,12,4.80000,5,154,2,40,25,11,7,7,39,37,2,0,5),(40,'cm',56,7,13,11.00000,5,22,14,13,16,4,1,11,26,36,-10,0,5),(41,'cm',65,2,10,5.40000,5,129,3,42,25,13,3,9,46,35,11,0,5),(42,'cm',68,5,11,7.00000,5,100,6,24,19,6,6,7,19,26,-7,0,5),(43,'cm',93,3,9,5.80000,5,102,5,34,22,9,7,6,37,28,9,0,5),(44,'cm',94,6,9,7.80000,5,82,9,24,19,7,3,9,33,31,2,0,5),(45,'cm',95,7,18,11.00000,5,22,15,10,16,1,7,8,11,24,-13,0,5),(46,'cm',96,3,14,8.40000,5,84,8,23,20,7,2,11,30,33,-3,0,5),(47,'cm',138,4,4,4.00000,1,32,12,10,6,3,1,2,8,5,3,0,5),(48,'cm',139,16,16,16.00000,1,0,18,3,3,1,0,2,4,7,-3,0,5),(49,'cm',140,6,6,6.00000,1,25,13,6,4,2,0,2,7,5,2,0,5),(50,'cm',141,19,19,19.00000,1,0,20,1,3,0,1,2,3,9,-6,0,5),(51,'cm',142,1,1,1.00000,1,50,10,16,6,5,1,0,13,5,8,1,5),(52,'cm',143,7,7,7.00000,1,22,16,4,4,1,1,2,5,5,0,0,5),(53,'cm',144,15,15,15.00000,1,0,17,3,3,1,0,2,4,7,-3,0,5),(54,'cm',145,17,17,17.00000,1,0,19,3,3,1,0,2,1,5,-4,0,5),(55,'cm',49,3,11,6.50000,6,125,5,47,28,14,5,9,51,42,9,0,6),(56,'cm',50,1,4,1.83333,6,269,1,71,36,20,11,5,72,46,26,4,6),(57,'cm',51,1,20,8.00000,6,131,3,30,24,7,9,8,43,47,-4,1,6),(58,'cm',52,2,12,8.66667,6,43,12,24,21,5,9,7,25,28,-3,0,6),(59,'cm',53,2,12,4.66667,6,186,2,51,31,14,9,8,54,47,7,0,6),(60,'cm',56,7,13,11.00000,6,22,14,16,19,5,1,13,31,40,-9,0,6),(61,'cm',65,2,14,6.83333,6,129,4,44,28,13,5,10,49,39,10,0,6),(62,'cm',68,5,11,7.00000,6,122,6,31,23,8,7,8,25,30,-5,0,6),(63,'cm',93,3,10,6.50000,6,102,9,38,25,10,8,7,42,34,8,0,6),(64,'cm',94,5,9,7.33333,6,110,7,29,23,8,5,10,42,38,4,0,6),(65,'cm',95,7,18,12.16667,6,22,15,11,19,1,8,10,15,33,-18,0,6),(66,'cm',96,3,14,8.33333,6,103,8,28,24,8,4,12,37,40,-3,0,6),(67,'cm',138,2,4,3.00000,2,75,10,25,12,8,1,3,22,11,11,0,6),(68,'cm',139,16,16,16.00000,2,0,18,4,6,1,1,4,9,16,-7,0,6),(69,'cm',140,6,17,11.50000,2,25,13,7,7,2,1,4,9,11,-2,0,6),(70,'cm',141,13,19,16.00000,2,0,19,4,6,0,4,2,9,15,-6,0,6),(71,'cm',142,1,12,6.50000,2,50,11,19,9,6,1,2,17,13,4,1,6),(72,'cm',143,7,20,13.50000,2,22,16,5,7,1,2,4,7,13,-6,0,6),(73,'cm',144,15,19,17.00000,2,0,20,4,6,1,1,4,8,17,-9,0,6),(74,'cm',145,15,17,16.00000,2,0,17,5,6,1,2,3,2,9,-7,0,6),(75,'la',39,1,1,1.00000,1,50,1,15,6,5,0,1,11,5,6,1,1),(76,'la',40,7,7,7.00000,1,22,7,5,4,1,2,1,7,8,-1,0,1),(77,'la',44,6,6,6.00000,1,25,6,6,4,2,0,2,3,4,-1,0,1),(78,'la',47,12,12,12.00000,1,0,12,0,3,0,0,3,2,8,-6,0,1),(79,'la',48,8,8,8.00000,1,19,8,4,4,1,1,2,5,9,-4,0,1),(80,'la',84,3,3,3.00000,1,37,3,12,6,4,0,2,12,6,6,0,1),(81,'la',85,2,2,2.00000,1,43,2,13,6,4,1,1,11,3,8,0,1),(82,'la',86,11,11,11.00000,1,0,11,1,3,0,1,2,2,7,-5,0,1),(83,'la',87,9,9,9.00000,1,0,9,3,3,1,0,2,5,3,2,0,1),(84,'la',88,4,4,4.00000,1,32,4,10,6,3,1,2,8,9,-1,0,1),(85,'la',89,10,10,10.00000,1,0,10,1,3,0,1,2,1,4,-3,0,1),(86,'la',90,5,5,5.00000,1,28,5,4,4,1,1,2,3,4,-1,0,1),(87,'la',37,8,8,8.00000,1,19,13,3,4,0,3,1,4,5,-1,0,2),(88,'la',39,1,4,2.50000,2,82,1,23,12,7,2,3,21,15,6,1,2),(89,'la',40,7,7,7.00000,1,22,11,5,4,1,2,1,7,8,-1,0,2),(90,'la',44,6,6,6.00000,1,25,10,6,4,2,0,2,3,4,-1,0,2),(91,'la',45,2,2,2.00000,1,43,5,8,6,2,2,2,8,8,0,0,2),(92,'la',47,5,12,8.50000,2,28,8,5,7,1,2,4,7,14,-7,0,2),(93,'la',48,8,11,9.50000,2,19,12,6,7,1,3,3,8,13,-5,0,2),(94,'la',84,3,7,5.00000,2,59,3,16,10,5,1,4,20,14,6,0,2),(95,'la',85,2,3,2.50000,2,80,2,26,12,8,2,2,20,8,12,0,2),(96,'la',86,1,11,6.00000,2,50,4,14,9,4,2,3,19,19,0,1,2),(97,'la',87,9,10,9.50000,2,0,14,6,6,1,3,2,10,8,2,0,2),(98,'la',88,4,9,6.50000,2,32,6,13,9,4,1,4,12,17,-5,0,2),(99,'la',89,6,10,8.00000,2,25,9,6,7,1,3,3,5,7,-2,0,2),(100,'la',90,5,12,8.50000,2,28,7,5,7,1,2,4,4,8,-4,0,2),(101,'la',37,8,8,8.00000,1,19,14,3,4,0,3,1,4,5,-1,0,3),(102,'la',39,1,7,4.00000,3,104,2,29,16,9,2,5,30,22,8,1,3),(103,'la',40,7,7,7.00000,1,22,13,5,4,1,2,1,7,8,-1,0,3),(104,'la',41,11,11,11.00000,1,0,15,1,3,0,1,2,4,7,-3,0,3),(105,'la',44,6,6,6.00000,1,25,12,6,4,2,0,2,3,4,-1,0,3),(106,'la',45,2,3,2.50000,2,80,4,17,12,5,2,5,14,15,-1,0,3),(107,'la',47,5,12,8.50000,2,28,10,5,7,1,2,4,7,14,-7,0,3),(108,'la',48,8,11,9.00000,3,38,9,13,11,3,4,4,16,19,-3,0,3),(109,'la',84,3,10,6.66667,3,59,5,18,13,5,3,5,23,18,5,0,3),(110,'la',85,2,3,2.33333,3,123,1,39,18,12,3,3,34,18,16,0,3),(111,'la',86,1,11,5.33333,3,82,3,19,15,5,4,6,28,29,-1,1,3),(112,'la',87,1,10,6.66667,3,50,8,14,12,2,8,2,20,17,3,1,3),(113,'la',88,4,9,6.33333,3,57,6,21,13,6,3,4,21,24,-3,0,3),(114,'la',89,6,10,8.33333,3,25,11,8,10,1,5,4,8,11,-3,0,3),(115,'la',90,5,12,7.33333,3,56,7,12,11,3,3,5,12,15,-3,0,3),(116,'la',91,12,12,12.00000,1,0,16,1,3,0,1,2,2,7,-5,0,3),(117,'la',37,8,8,8.00000,1,19,17,3,4,0,3,1,4,5,-1,0,4),(118,'la',39,1,7,4.00000,3,104,2,29,16,9,2,5,30,22,8,1,4),(119,'la',40,7,7,7.00000,1,22,16,5,4,1,2,1,7,8,-1,0,4),(120,'la',41,11,11,11.00000,1,0,19,1,3,0,1,2,4,7,-3,0,4),(121,'la',42,7,7,7.00000,1,22,15,5,4,1,2,1,2,1,1,0,4),(122,'la',44,6,6,6.00000,1,25,14,6,4,2,0,2,3,4,-1,0,4),(123,'la',45,2,3,2.50000,2,80,5,17,12,5,2,5,14,15,-1,0,4),(124,'la',46,10,10,10.00000,1,0,18,2,3,0,2,1,1,2,-1,0,4),(125,'la',47,2,12,6.33333,3,71,7,14,13,3,5,5,19,22,-3,0,4),(126,'la',48,3,11,7.50000,4,75,6,25,17,6,7,4,27,27,0,0,4),(127,'la',73,5,5,5.00000,1,28,12,4,4,1,1,2,4,6,-2,0,4),(128,'la',84,3,10,6.66667,3,59,9,18,13,5,3,5,23,18,5,0,4),(129,'la',85,2,4,2.75000,4,155,1,44,24,13,5,6,41,30,11,0,4),(130,'la',86,1,11,6.25000,4,82,3,21,18,5,6,7,30,34,-4,1,4),(131,'la',87,1,10,7.00000,4,69,8,19,16,3,10,3,26,22,4,1,4),(132,'la',88,4,9,6.25000,4,82,4,29,17,8,5,4,26,27,-1,0,4),(133,'la',89,6,12,9.25000,4,25,13,9,13,1,6,6,9,15,-6,0,4),(134,'la',90,5,12,8.25000,4,56,10,13,14,3,4,7,18,23,-5,0,4),(135,'la',91,12,12,12.00000,1,0,20,1,3,0,1,2,2,7,-5,0,4),(136,'la',109,1,1,1.00000,1,50,11,12,6,3,3,0,12,7,5,1,4),(137,'la',36,8,8,8.00000,1,19,20,7,4,2,1,1,12,13,-1,0,5),(138,'la',37,8,8,8.00000,1,19,21,3,4,0,3,1,4,5,-1,0,5),(139,'la',38,4,4,4.00000,1,32,12,9,6,3,0,3,14,17,-3,0,5),(140,'la',39,1,7,4.00000,3,104,3,29,16,9,2,5,30,22,8,1,5),(141,'la',40,7,7,7.00000,1,22,19,5,4,1,2,1,7,8,-1,0,5),(142,'la',41,11,11,11.00000,1,0,23,1,3,0,1,2,4,7,-3,0,5),(143,'la',42,7,7,7.00000,1,22,18,5,4,1,2,1,2,1,1,0,5),(144,'la',44,6,6,6.00000,1,25,15,6,4,2,0,2,3,4,-1,0,5),(145,'la',45,2,15,6.66667,3,80,7,18,15,5,3,7,19,24,-5,0,5),(146,'la',46,10,10,10.00000,1,0,22,2,3,0,2,1,1,2,-1,0,5),(147,'la',47,2,12,6.33333,3,71,9,14,13,3,5,5,19,22,-3,0,5),(148,'la',48,1,11,6.20000,5,125,2,39,23,10,9,4,38,32,6,1,5),(149,'la',73,5,5,5.00000,1,28,13,4,4,1,1,2,4,6,-2,0,5),(150,'la',84,3,10,5.75000,4,96,4,28,19,8,4,7,41,26,15,0,5),(151,'la',85,2,4,2.60000,5,198,1,60,30,18,6,6,61,40,21,0,5),(152,'la',86,1,11,7.00000,5,82,5,24,21,6,6,9,35,40,-5,1,5),(153,'la',87,1,16,8.80000,5,69,10,20,19,3,11,5,30,32,-2,1,5),(154,'la',88,4,9,6.80000,5,82,6,32,20,9,5,6,31,33,-2,0,5),(155,'la',89,6,12,9.80000,5,25,14,12,16,2,6,8,14,23,-9,0,5),(156,'la',90,5,12,8.80000,5,56,11,16,17,4,4,9,24,31,-7,0,5),(157,'la',91,12,12,12.00000,1,0,24,1,3,0,1,2,2,7,-5,0,5),(158,'la',92,13,13,13.00000,1,0,25,3,3,1,0,2,8,10,-2,0,5),(159,'la',109,1,5,3.00000,2,78,8,16,10,4,4,2,17,14,3,1,5),(160,'la',116,7,7,7.00000,1,22,17,6,4,2,0,2,14,14,0,0,5),(161,'la',117,6,6,6.00000,1,25,16,5,4,1,2,1,9,8,1,0,5),(162,'la',118,14,14,14.00000,1,0,26,3,3,1,0,2,4,6,-2,0,5),(163,'la',36,8,8,8.00000,1,19,24,7,4,2,1,1,12,13,-1,0,6),(164,'la',37,2,8,5.00000,2,62,11,18,10,5,3,2,22,15,7,0,6),(165,'la',38,4,4,4.00000,1,32,16,9,6,3,0,3,14,17,-3,0,6),(166,'la',39,1,7,4.00000,3,104,4,29,16,9,2,5,30,22,8,1,6),(167,'la',40,7,7,7.00000,1,22,23,5,4,1,2,1,7,8,-1,0,6),(168,'la',41,11,11,11.00000,1,0,27,1,3,0,1,2,4,7,-3,0,6),(169,'la',42,7,7,7.00000,1,22,22,5,4,1,2,1,2,1,1,0,6),(170,'la',44,6,6,6.00000,1,25,20,6,4,2,0,2,3,4,-1,0,6),(171,'la',45,2,15,6.66667,3,80,7,18,15,5,3,7,19,24,-5,0,6),(172,'la',46,10,10,10.00000,1,0,26,2,3,0,2,1,1,2,-1,0,6),(173,'la',47,2,12,7.50000,4,71,9,18,16,4,6,6,25,26,-1,0,6),(174,'la',48,1,11,6.83333,6,125,2,43,26,11,10,5,41,35,6,1,6),(175,'la',73,5,5,5.00000,1,28,18,4,4,1,1,2,4,6,-2,0,6),(176,'la',84,3,10,5.60000,5,124,3,35,23,10,5,8,50,32,18,0,6),(177,'la',85,2,6,3.16667,6,223,1,66,34,20,6,8,70,48,22,0,6),(178,'la',86,1,11,7.33333,6,82,5,28,24,7,7,10,40,44,-4,1,6),(179,'la',87,1,18,10.33333,6,69,10,21,22,3,12,7,32,36,-4,1,6),(180,'la',88,4,14,8.00000,6,82,6,35,23,10,5,8,34,37,-3,0,6),(181,'la',89,6,12,10.16667,6,25,19,16,19,3,7,9,16,25,-9,0,6),(182,'la',90,5,17,10.16667,6,56,12,19,20,5,4,11,27,36,-9,0,6),(183,'la',91,12,12,12.00000,1,0,28,1,3,0,1,2,2,7,-5,0,6),(184,'la',92,13,13,13.00000,1,0,29,3,3,1,0,2,8,10,-2,0,6),(185,'la',109,1,20,8.66667,3,78,8,16,13,4,4,5,17,21,-4,1,6),(186,'la',113,4,4,4.00000,1,32,17,7,6,2,1,3,10,8,2,0,6),(187,'la',116,7,13,10.00000,2,22,21,10,7,3,1,3,20,21,-1,0,6),(188,'la',117,6,7,6.50000,2,47,14,11,8,3,2,3,13,14,-1,0,6),(189,'la',118,3,14,8.50000,2,37,15,15,9,5,0,4,14,13,1,0,6),(190,'la',126,16,16,16.00000,1,0,31,4,3,1,1,1,2,2,0,0,6),(191,'la',128,15,15,15.00000,1,0,30,2,3,0,2,1,5,7,-2,0,6),(192,'la',129,8,8,8.00000,1,19,25,6,4,2,0,2,4,8,-4,0,6),(193,'la',130,1,1,1.00000,1,50,13,16,6,5,1,0,15,9,6,1,6),(194,'la',131,19,19,19.00000,1,0,32,0,3,0,0,3,3,8,-5,0,6),(195,'la',36,8,8,8.00000,1,19,27,7,4,2,1,1,12,13,-1,0,7),(196,'la',37,2,8,5.00000,2,62,13,18,10,5,3,2,22,15,7,0,7),(197,'la',38,4,4,4.00000,1,32,19,9,6,3,0,3,14,17,-3,0,7),(198,'la',39,1,7,4.00000,3,104,5,29,16,9,2,5,30,22,8,1,7),(199,'la',40,7,8,7.50000,2,41,17,17,9,5,2,2,15,12,3,0,7),(200,'la',41,11,11,11.00000,1,0,34,1,3,0,1,2,4,7,-3,0,7),(201,'la',42,7,7,7.00000,1,22,25,5,4,1,2,1,2,1,1,0,7),(202,'la',44,6,6,6.00000,1,25,23,6,4,2,0,2,3,4,-1,0,7),(203,'la',45,2,15,6.66667,3,80,9,18,15,5,3,7,19,24,-5,0,7),(204,'la',46,10,10,10.00000,1,0,33,2,3,0,2,1,1,2,-1,0,7),(205,'la',47,2,12,7.50000,4,71,11,18,16,4,6,6,25,26,-1,0,7),(206,'la',48,1,11,7.14286,7,141,3,49,30,13,10,7,51,41,10,1,7),(207,'la',73,5,5,5.00000,1,28,21,4,4,1,1,2,4,6,-2,0,7),(208,'la',84,3,10,5.50000,6,152,2,44,28,13,5,10,64,41,23,0,7),(209,'la',85,2,12,4.42857,7,233,1,75,38,23,6,9,78,51,27,0,7),(210,'la',86,1,11,6.85714,7,114,4,41,31,11,8,12,55,54,1,1,7),(211,'la',87,1,18,10.33333,6,69,12,21,22,3,12,7,32,36,-4,1,7),(212,'la',88,4,14,8.28571,7,96,7,42,27,12,6,9,42,41,1,0,7),(213,'la',89,6,23,12.00000,7,25,22,16,22,3,7,12,21,34,-13,0,7),(214,'la',90,5,17,10.16667,6,56,15,19,20,5,4,11,27,36,-9,0,7),(215,'la',91,12,12,12.00000,1,0,35,1,3,0,1,2,2,7,-5,0,7),(216,'la',92,13,15,14.00000,2,4,30,9,7,3,0,4,17,21,-4,0,7),(217,'la',109,1,20,8.66667,3,78,10,16,13,4,4,5,17,21,-4,1,7),(218,'la',110,6,6,6.00000,1,25,24,6,5,2,0,3,7,10,-3,0,7),(219,'la',113,4,4,4.00000,1,32,20,7,6,2,1,3,10,8,2,0,7),(220,'la',116,7,13,9.00000,3,44,16,16,12,5,1,6,31,30,1,0,7),(221,'la',117,1,7,4.66667,3,97,6,27,15,8,3,4,27,19,8,1,7),(222,'la',118,2,14,6.33333,3,80,8,28,16,9,1,6,25,23,2,0,7),(223,'la',125,22,22,22.00000,1,0,40,1,3,0,1,2,2,8,-6,0,7),(224,'la',126,16,20,18.00000,2,0,32,7,6,2,1,3,5,12,-7,0,7),(225,'la',127,14,14,14.00000,1,6,29,6,4,2,0,2,7,5,2,0,7),(226,'la',128,11,15,13.00000,2,12,28,9,7,2,3,2,13,12,1,0,7),(227,'la',129,8,17,12.50000,2,19,26,9,7,3,0,4,7,16,-9,0,7),(228,'la',130,1,13,7.00000,2,58,14,19,10,6,1,3,18,15,3,1,7),(229,'la',131,19,19,19.00000,1,0,38,0,3,0,0,3,3,8,-5,0,7),(230,'la',150,24,24,24.00000,1,0,41,0,3,0,0,3,1,7,-6,0,7),(231,'la',151,21,21,21.00000,1,0,39,1,3,0,1,2,4,8,-4,0,7),(232,'la',152,19,19,19.00000,1,0,37,3,3,1,0,2,2,5,-3,0,7),(233,'la',153,18,18,18.00000,1,0,36,1,3,0,1,2,5,9,-4,0,7),(234,'la',155,3,3,3.00000,1,37,18,13,7,4,1,2,9,7,2,0,7),(235,'la',156,16,16,16.00000,1,2,31,7,4,2,1,1,7,6,1,0,7),(236,'lc',57,10,10,10.00000,1,0,10,1,3,0,1,2,3,6,-3,0,1),(237,'lc',58,3,3,3.00000,1,37,3,12,6,4,0,2,11,7,4,0,1),(238,'lc',60,7,7,7.00000,1,22,7,4,4,1,1,2,7,9,-2,0,1),(239,'lc',61,6,6,6.00000,1,25,6,6,4,2,0,2,4,3,1,0,1),(240,'lc',63,5,5,5.00000,1,28,5,5,4,1,2,1,4,5,-1,0,1),(241,'lc',64,12,12,12.00000,1,0,12,0,3,0,0,3,3,8,-5,0,1),(242,'lc',71,11,11,11.00000,1,0,11,0,3,0,0,3,0,4,-4,0,1),(243,'lc',79,2,2,2.00000,1,43,2,8,6,2,2,2,4,7,-3,0,1),(244,'lc',80,1,1,1.00000,1,50,1,16,6,5,1,0,13,3,10,1,1),(245,'lc',81,8,8,8.00000,1,19,8,6,4,2,0,2,6,8,-2,0,1),(246,'lc',82,9,9,9.00000,1,0,9,4,3,1,1,1,3,4,-1,0,1),(247,'lc',83,4,4,4.00000,1,32,4,11,6,3,2,1,13,7,6,0,1),(248,'lc',57,8,10,9.00000,2,19,10,8,7,2,2,3,12,14,-2,0,2),(249,'lc',58,3,3,3.00000,2,74,2,20,12,6,2,4,19,14,5,0,2),(250,'lc',59,4,4,4.00000,1,32,8,10,6,2,4,0,8,6,2,0,2),(251,'lc',60,2,7,4.50000,2,65,5,17,10,5,2,3,23,18,5,0,2),(252,'lc',61,6,10,8.00000,2,25,9,9,7,3,0,4,7,9,-2,0,2),(253,'lc',63,5,7,6.00000,2,50,6,11,8,3,2,3,14,10,4,0,2),(254,'lc',64,12,12,12.00000,1,0,13,0,3,0,0,3,3,8,-5,0,2),(255,'lc',71,9,11,10.00000,2,0,12,3,6,1,0,5,3,10,-7,0,2),(256,'lc',79,2,6,4.00000,2,68,4,11,10,3,2,5,9,14,-5,0,2),(257,'lc',80,1,5,3.00000,2,78,1,21,10,6,3,1,17,7,10,1,2),(258,'lc',81,1,8,4.50000,2,69,3,17,10,5,2,3,14,15,-1,1,2),(259,'lc',82,9,11,10.00000,2,0,11,7,6,2,1,3,7,13,-6,0,2),(260,'lc',83,4,12,8.00000,2,32,7,11,9,3,2,4,15,13,2,0,2),(261,'lc',57,8,10,9.33333,3,19,12,11,10,3,2,5,16,18,-2,0,3),(262,'lc',58,3,6,4.00000,3,99,3,26,16,8,2,6,24,19,5,0,3),(263,'lc',59,2,4,3.00000,2,75,5,21,12,5,6,1,21,14,7,0,3),(264,'lc',60,2,7,4.33333,3,97,4,24,16,7,3,6,30,29,1,0,3),(265,'lc',61,3,10,6.33333,3,62,7,18,13,6,0,7,18,15,3,0,3),(266,'lc',63,5,11,7.66667,3,50,8,13,11,3,4,4,18,18,0,0,3),(267,'lc',64,5,12,8.50000,2,28,10,7,7,2,1,4,11,13,-2,0,3),(268,'lc',71,9,12,10.66667,3,0,13,3,9,1,0,8,4,17,-13,0,3),(269,'lc',79,1,6,3.00000,3,118,1,22,16,6,4,6,17,19,-2,1,3),(270,'lc',80,1,7,4.33333,3,100,2,27,14,8,3,3,24,16,8,1,3),(271,'lc',81,1,9,6.00000,3,69,6,19,13,5,4,4,18,21,-3,1,3),(272,'lc',82,8,11,9.33333,3,19,11,16,10,5,1,4,16,20,-4,0,3),(273,'lc',83,4,12,8.00000,2,32,9,11,9,3,2,4,15,13,2,0,3),(274,'lc',57,8,12,10.00000,4,19,12,11,13,3,2,8,19,24,-5,0,4),(275,'lc',58,3,6,4.50000,4,124,3,31,20,9,4,7,31,24,7,0,4),(276,'lc',59,2,8,4.66667,3,94,7,28,16,7,7,2,28,18,10,0,4),(277,'lc',60,2,10,5.75000,4,97,6,26,19,7,5,7,32,33,-1,0,4),(278,'lc',61,1,10,5.00000,4,112,4,31,19,10,1,8,27,20,7,1,4),(279,'lc',63,3,11,6.50000,4,87,8,21,17,5,6,6,27,28,-1,0,4),(280,'lc',64,5,12,8.66667,3,28,10,10,10,2,4,4,14,16,-2,0,4),(281,'lc',71,9,12,10.66667,3,0,13,3,9,1,0,8,4,17,-13,0,4),(282,'lc',79,1,6,3.50000,4,146,1,29,20,8,5,7,21,23,-2,1,4),(283,'lc',80,1,7,4.25000,4,132,2,35,20,10,5,5,34,27,7,1,4),(284,'lc',81,1,9,5.00000,4,112,5,29,19,8,5,6,26,27,-1,1,4),(285,'lc',82,8,11,9.75000,4,19,11,17,13,5,2,6,17,25,-8,0,4),(286,'lc',83,4,12,7.66667,3,54,9,17,13,5,2,6,21,19,2,0,4),(287,'lc',57,2,12,8.40000,5,62,10,24,19,7,3,9,33,31,2,0,5),(288,'lc',58,3,9,5.40000,5,124,6,37,23,11,4,8,39,31,8,0,5),(289,'lc',59,2,8,4.25000,4,131,5,40,22,11,7,4,43,31,12,0,5),(290,'lc',60,2,10,6.60000,5,97,8,30,22,8,6,8,38,38,0,0,5),(291,'lc',61,1,11,6.20000,5,112,7,34,22,11,1,10,30,24,6,1,5),(292,'lc',63,1,11,5.40000,5,137,2,35,23,9,8,6,44,36,8,1,5),(293,'lc',64,4,12,7.50000,4,60,11,19,16,5,4,7,24,28,-4,0,5),(294,'lc',71,9,15,11.75000,4,0,14,3,12,1,0,11,7,23,-16,0,5),(295,'cb',36,7,7,7.00000,1,22,7,7,4,2,1,1,9,5,4,0,1),(296,'cb',37,5,5,5.00000,1,28,5,5,4,1,2,1,4,4,0,0,1),(297,'cb',38,11,11,11.00000,1,0,11,4,3,1,1,1,3,3,0,0,1),(298,'cb',39,1,1,1.00000,1,50,1,15,6,5,0,1,14,9,5,1,1),(299,'cb',40,2,2,2.00000,1,43,2,12,6,4,0,2,12,8,4,0,1),(300,'cb',41,14,14,14.00000,1,0,14,0,3,0,0,3,3,7,-4,0,1),(301,'cb',42,6,6,6.00000,1,25,6,7,4,2,1,1,9,7,2,0,1),(302,'cb',43,10,10,10.00000,1,0,10,4,3,1,1,1,4,3,1,0,1),(303,'cb',44,4,4,4.00000,1,32,4,9,6,3,0,3,8,12,-4,0,1),(304,'cb',45,15,15,15.00000,1,0,15,0,3,0,0,3,4,9,-5,0,1),(305,'cb',46,13,13,13.00000,1,0,13,1,3,0,1,2,2,7,-5,0,1),(306,'cb',47,3,3,3.00000,1,37,3,13,6,4,1,1,17,8,9,0,1),(307,'cb',73,9,9,9.00000,1,0,9,6,3,2,0,1,5,4,1,0,1),(308,'cb',74,12,12,12.00000,1,0,12,3,3,1,0,2,4,5,-1,0,1),(309,'cb',91,16,16,16.00000,1,0,16,0,3,0,0,3,4,11,-7,0,1),(310,'cb',92,8,8,8.00000,1,19,8,6,4,2,0,2,6,6,0,0,1),(311,'cb',36,7,9,8.00000,2,22,9,11,7,3,2,2,11,6,5,0,2),(312,'cb',37,4,5,4.50000,2,60,5,12,10,2,6,2,10,11,-1,0,2),(313,'cb',38,11,15,13.00000,2,0,13,4,6,1,1,4,6,12,-6,0,2),(314,'cb',39,1,2,1.50000,2,93,1,26,12,8,2,2,26,20,6,1,2),(315,'cb',40,2,8,5.00000,2,62,3,19,10,6,1,3,17,13,4,0,2),(316,'cb',41,12,14,13.00000,2,0,14,2,6,0,2,4,5,11,-6,0,2),(317,'cb',42,6,13,9.50000,2,25,8,9,7,2,3,2,12,11,1,0,2),(318,'cb',43,10,11,10.50000,2,0,12,6,6,1,3,2,8,8,0,0,2),(319,'cb',44,4,5,4.50000,2,60,4,14,10,4,2,4,13,16,-3,0,2),(320,'cb',45,3,15,9.00000,2,37,7,11,9,3,2,4,18,17,1,0,2),(321,'cb',46,13,16,14.50000,2,0,15,1,6,0,1,5,3,16,-13,0,2),(322,'cb',47,1,3,2.00000,2,87,2,27,12,8,3,1,33,16,17,1,2),(323,'cb',73,9,10,9.50000,2,0,11,9,6,3,0,3,7,7,0,0,2),(324,'cb',74,7,12,9.50000,2,22,10,12,7,4,0,3,11,9,2,0,2),(325,'cb',91,14,16,15.00000,2,0,16,1,6,0,1,5,5,15,-10,0,2),(326,'cb',92,6,8,7.00000,2,44,6,13,8,4,1,3,13,10,3,0,2),(327,'cb',36,7,12,9.33333,3,22,12,14,10,3,5,2,17,12,5,0,3),(328,'cb',37,4,11,6.66667,3,60,7,15,13,3,6,4,15,17,-2,0,3),(329,'cb',38,5,15,10.33333,3,28,10,9,10,2,3,5,12,18,-6,0,3),(330,'cb',39,1,3,2.00000,3,130,1,36,18,11,3,4,36,27,9,1,3),(331,'cb',40,2,9,6.33333,3,62,6,23,13,7,2,4,22,17,5,0,3),(332,'cb',41,1,14,9.00000,3,50,8,16,12,4,4,4,18,16,2,1,3),(333,'cb',42,6,14,11.00000,3,25,11,11,10,2,5,3,16,18,-2,0,3),(334,'cb',43,10,16,12.33333,3,0,15,7,9,1,4,4,11,14,-3,0,3),(335,'cb',44,4,8,5.66667,3,79,3,21,14,6,3,5,20,23,-3,0,3),(336,'cb',45,3,15,7.33333,3,69,4,18,15,5,3,7,30,29,1,0,3),(337,'cb',46,13,16,14.00000,3,0,16,3,9,0,3,6,6,20,-14,0,3),(338,'cb',47,1,6,3.33333,3,112,2,32,16,9,5,2,37,20,17,1,3),(339,'cb',73,9,10,9.66667,3,0,14,13,9,4,1,4,12,14,-2,0,3),(340,'cb',74,7,15,11.33333,3,22,13,13,10,4,1,5,15,15,0,0,3),(341,'cb',91,2,16,10.66667,3,43,9,13,12,4,1,7,17,25,-8,0,3),(342,'cb',92,6,8,7.00000,3,66,5,18,12,5,3,4,17,16,1,0,3),(343,'cb',36,6,12,8.50000,4,47,12,21,14,5,6,3,27,17,10,0,4),(344,'cb',37,4,13,8.25000,4,60,8,18,16,4,6,6,18,22,-4,0,4),(345,'cb',38,5,16,11.75000,4,28,14,10,13,2,4,7,13,23,-10,0,4),(346,'cb',39,1,8,3.50000,4,149,2,41,22,12,5,5,44,37,7,1,4),(347,'cb',40,2,14,8.25000,4,62,7,25,16,7,4,5,27,25,2,0,4),(348,'cb',41,1,15,10.50000,4,50,11,17,15,4,5,6,22,23,-1,1,4),(349,'cb',42,4,14,9.25000,4,57,9,18,16,4,6,6,25,27,-2,0,4),(350,'cb',43,10,16,12.33333,3,0,16,7,9,1,4,4,11,14,-3,0,4),(351,'cb',44,4,11,7.00000,4,79,4,24,17,7,3,7,25,29,-4,0,4),(352,'cb',45,3,15,8.00000,4,69,5,22,18,6,4,8,34,34,0,0,4),(353,'cb',46,2,16,11.00000,4,43,13,13,15,3,4,8,14,26,-12,0,4),(354,'cb',47,1,6,3.25000,4,149,1,43,22,12,7,3,46,29,17,1,4),(355,'cb',73,1,10,7.50000,4,50,10,25,15,7,4,4,20,17,3,1,4),(356,'cb',74,7,15,11.50000,4,22,15,15,13,4,3,6,20,21,-1,0,4),(357,'cb',91,2,16,9.75000,4,65,6,19,16,6,1,9,24,30,-6,0,4),(358,'cb',92,5,8,6.50000,4,94,3,27,16,8,3,5,26,22,4,0,4),(359,'cb',110,9,9,9.00000,1,0,17,4,3,1,1,1,4,4,0,0,4),(360,'cb',36,2,12,7.20000,5,90,6,33,20,9,6,5,45,31,14,0,5),(361,'cb',37,4,13,7.60000,5,88,7,24,20,6,6,8,31,34,-3,0,5),(362,'cb',38,4,16,10.20000,5,60,11,20,19,5,5,9,29,33,-4,0,5),(363,'cb',39,1,18,6.40000,5,149,2,42,25,12,6,7,48,47,1,1,5),(364,'cb',40,2,16,9.80000,5,62,10,28,19,8,4,7,31,31,0,0,5),(365,'cb',41,1,15,9.80000,5,72,8,24,19,6,6,7,33,31,2,1,5),(366,'cb',42,4,14,10.00000,5,57,12,21,19,5,6,8,29,31,-2,0,5),(367,'cb',43,10,16,12.75000,4,0,16,10,12,2,4,6,14,18,-4,0,5),(368,'cb',44,4,11,7.20000,5,98,5,31,21,9,4,8,32,34,-2,0,5),(369,'cb',45,3,15,7.00000,5,106,4,32,24,9,5,10,44,44,0,0,5),(370,'cb',46,2,20,12.80000,5,43,14,13,18,3,4,11,16,35,-19,0,5),(371,'cb',47,1,6,3.80000,5,174,1,49,26,14,7,5,57,39,18,1,5),(372,'cb',73,1,12,8.40000,5,50,13,29,18,8,5,5,26,23,3,1,5),(373,'cb',74,7,15,11.20000,5,22,15,19,16,5,4,7,25,26,-1,0,5),(374,'cb',91,2,19,11.60000,5,65,9,19,19,6,1,12,27,39,-12,0,5),(375,'cb',92,1,8,5.40000,5,144,3,45,22,14,3,5,41,28,13,1,5),(376,'cb',110,9,17,13.00000,2,0,17,5,6,1,2,3,6,9,-3,0,5),(377,'cb',113,15,15,15.00000,1,0,20,3,3,1,0,2,4,8,-4,0,5),(378,'cb',114,9,9,9.00000,1,0,18,6,3,2,0,1,4,3,1,0,5),(379,'cb',115,11,11,11.00000,1,0,19,6,3,2,0,1,9,7,2,0,5),(380,'cb',36,2,13,8.16667,6,98,7,43,24,12,7,5,56,34,22,0,6),(381,'cb',37,1,13,6.50000,6,138,4,41,27,11,8,8,49,45,4,1,6),(382,'cb',38,4,16,9.66667,6,82,8,28,24,7,7,10,45,40,5,0,6),(383,'cb',39,1,19,8.50000,6,149,2,45,28,13,6,9,51,52,-1,1,6),(384,'cb',40,2,16,9.66667,6,78,10,36,23,10,6,7,42,38,4,0,6),(385,'cb',41,1,23,12.00000,6,72,12,25,22,6,7,9,37,41,-4,1,6),(386,'cb',42,4,14,9.66667,6,76,11,27,24,6,9,9,40,42,-2,0,6),(387,'cb',43,10,16,12.60000,5,10,20,14,16,3,5,8,21,27,-6,0,6),(388,'cb',44,4,15,8.50000,6,102,6,34,25,10,4,11,39,43,-4,0,6),(389,'cb',45,3,15,6.66667,6,134,5,40,29,11,7,11,55,50,5,0,6),(390,'cb',46,2,20,13.66667,6,43,14,14,21,3,5,13,18,39,-21,0,6),(391,'cb',47,1,6,3.66667,6,211,1,63,33,18,9,6,75,50,25,1,6),(392,'cb',73,1,20,10.33333,6,50,13,31,21,8,7,6,29,29,0,1,6),(393,'cb',74,7,15,11.66667,6,28,17,25,20,7,4,9,35,33,2,0,6),(394,'cb',91,2,19,11.33333,6,79,9,27,23,8,3,12,35,44,-9,0,6),(395,'cb',92,1,17,7.33333,6,144,3,48,25,14,6,5,46,33,13,1,6),(396,'cb',110,6,17,10.66667,3,25,18,10,11,2,4,5,17,18,-1,0,6),(397,'cb',113,4,15,9.50000,2,32,16,9,10,2,3,5,10,22,-12,0,6),(398,'cb',114,9,22,15.50000,2,0,22,7,6,2,1,3,6,8,-2,0,6),(399,'cb',115,11,21,16.00000,2,0,23,8,6,2,2,2,13,16,-3,0,6),(400,'cb',124,11,11,11.00000,1,12,19,7,4,2,1,1,7,7,0,0,6),(401,'cb',125,24,24,24.00000,1,0,24,0,3,0,0,3,0,12,-12,0,6),(402,'cb',126,2,2,2.00000,1,43,15,10,7,2,4,1,13,11,2,0,6),(403,'cb',127,16,16,16.00000,1,2,21,4,4,1,1,2,4,9,-5,0,6),(404,'cb',36,2,17,9.42857,7,98,8,46,27,13,7,7,59,41,18,0,7),(405,'cb',37,1,20,8.42857,7,138,5,43,30,11,10,9,52,49,3,1,7),(406,'cb',38,4,16,10.42857,7,86,9,35,28,9,8,11,56,46,10,0,7),(407,'cb',39,1,19,8.42857,7,168,3,52,33,15,7,11,56,61,-5,1,7),(408,'cb',40,2,16,9.14286,7,103,7,43,28,11,10,7,49,43,6,0,7),(409,'cb',41,1,23,12.85714,7,72,13,27,25,6,9,10,37,42,-5,1,7),(410,'cb',42,4,24,11.71429,7,76,12,27,27,6,9,12,40,49,-9,0,7),(411,'cb',43,9,16,12.00000,6,26,21,20,20,4,8,8,24,29,-5,0,7),(412,'cb',44,4,15,9.14286,7,110,6,41,29,12,5,12,48,49,-1,0,7),(413,'cb',45,3,15,7.42857,7,144,4,49,33,14,7,12,61,52,9,0,7),(414,'cb',46,2,22,14.85714,7,43,16,15,24,3,6,15,21,47,-26,0,7),(415,'cb',47,1,10,4.57143,7,225,1,68,37,19,11,7,85,58,27,1,7),(416,'cb',73,1,21,11.85714,7,50,15,32,24,8,8,8,34,36,-2,1,7),(417,'cb',74,7,23,13.28571,7,28,20,26,23,7,5,11,36,40,-4,0,7),(418,'cb',91,2,19,11.71429,7,85,10,31,27,9,4,14,39,48,-9,0,7),(419,'cb',92,1,17,6.42857,7,194,2,61,32,18,7,7,60,45,15,2,7),(420,'cb',110,2,17,8.50000,4,68,14,22,18,5,7,6,29,26,3,0,7),(421,'cb',113,4,16,11.66667,3,34,17,16,14,4,4,6,15,27,-12,0,7),(422,'cb',114,9,22,16.66667,3,0,24,9,9,2,3,4,9,12,-3,0,7),(423,'cb',115,7,21,13.00000,3,22,23,15,11,4,3,4,21,28,-7,0,7),(424,'cb',124,11,11,11.00000,2,24,22,11,8,3,2,3,12,11,1,0,7),(425,'cb',125,4,24,14.00000,2,32,18,9,10,2,3,5,14,24,-10,0,7),(426,'cb',126,2,3,2.50000,2,80,11,24,14,6,6,2,29,23,6,0,7),(427,'cb',127,5,16,10.50000,2,30,19,12,9,3,3,3,17,17,0,0,7),(428,'cm',49,10,10,10.00000,1,0,10,1,3,0,1,2,4,6,-2,0,1),(429,'cm',50,1,1,1.00000,1,50,1,13,6,4,1,1,13,9,4,1,1),(430,'cm',51,5,5,5.00000,1,28,5,3,4,0,3,1,7,8,-1,0,1),(431,'cm',52,11,11,11.00000,1,0,11,1,3,0,1,2,3,5,-2,0,1),(432,'cm',53,2,2,2.00000,1,43,2,15,6,5,0,1,11,7,4,0,1),(433,'cm',56,12,12,12.00000,1,0,12,1,3,0,1,2,4,8,-4,0,1),(434,'cm',65,4,4,4.00000,1,32,4,12,6,4,0,2,14,8,6,0,1),(435,'cm',68,8,8,8.00000,1,19,8,4,4,1,1,2,2,7,-5,0,1),(436,'cm',93,3,3,3.00000,1,37,3,13,6,4,1,1,16,9,7,0,1),(437,'cm',94,9,9,9.00000,1,0,9,1,3,0,1,2,4,7,-3,0,1),(438,'cm',95,7,7,7.00000,1,22,7,2,4,0,2,2,2,5,-3,0,1),(439,'cm',96,6,6,6.00000,1,25,6,6,4,2,0,2,7,8,-1,0,1),(440,'cm',49,8,10,9.00000,2,19,11,6,7,1,3,3,11,13,-2,0,2),(441,'cm',50,1,1,1.00000,2,100,1,24,12,7,3,2,24,17,7,2,2),(442,'lc',79,1,8,4.40000,5,165,1,36,24,10,6,8,30,32,-2,1,5),(443,'lc',80,1,13,6.00000,5,132,4,36,23,10,6,7,38,35,3,1,5),(444,'lc',81,1,9,5.40000,5,134,3,35,23,10,5,8,35,35,0,1,5),(445,'lc',82,8,12,10.20000,5,19,13,19,16,5,4,7,24,34,-10,0,5),(446,'lc',83,4,12,7.00000,4,82,9,24,17,7,3,7,27,25,2,0,5),(447,'lc',119,6,6,6.00000,1,25,12,6,4,2,0,2,11,10,1,0,5),(448,'lc',120,14,14,14.00000,1,0,15,1,3,0,1,2,2,6,-4,0,5),(449,'lc',121,16,16,16.00000,1,0,16,0,3,0,0,3,3,9,-6,0,5),(450,'lc',57,2,12,8.66667,6,76,10,31,23,9,4,10,42,36,6,0,6),(451,'lc',58,3,9,5.33333,6,152,4,43,28,13,4,11,52,44,8,0,6),(452,'lc',59,2,8,4.80000,5,153,3,47,27,13,8,6,54,43,11,0,6),(453,'lc',60,2,19,8.66667,6,97,8,33,25,9,6,10,45,48,-3,0,6),(454,'lc',61,1,22,8.83333,6,112,7,35,25,11,2,12,33,30,3,1,6),(455,'lc',63,1,16,7.16667,6,139,5,42,27,11,9,7,53,46,7,1,6),(456,'lc',64,4,18,9.60000,5,60,12,21,19,5,6,8,26,31,-5,0,6),(457,'lc',71,8,15,11.00000,5,19,16,10,17,3,1,13,18,31,-13,0,6),(458,'lc',79,1,8,4.16667,6,202,1,50,31,14,8,9,44,42,2,1,6),(459,'lc',80,1,23,8.83333,6,132,6,36,26,10,6,10,38,43,-5,1,6),(460,'lc',81,1,9,5.16667,6,166,2,45,30,13,6,11,45,44,1,1,6),(461,'lc',82,8,12,10.33333,6,31,14,23,20,6,5,9,32,40,-8,0,6),(462,'lc',83,4,20,9.60000,5,82,9,27,20,8,3,9,33,35,-2,0,6),(463,'lc',119,2,6,4.00000,2,68,11,20,11,6,2,3,25,18,7,0,6),(464,'lc',120,14,17,15.50000,2,0,22,4,6,1,1,4,4,11,-7,0,6),(465,'lc',121,16,24,20.00000,2,0,23,0,6,0,0,6,4,20,-16,0,6),(466,'lc',122,12,12,12.00000,1,10,18,6,4,2,0,2,10,7,3,0,6),(467,'lc',123,14,14,14.00000,1,6,20,9,4,3,0,1,8,4,4,0,6),(468,'lc',132,9,9,9.00000,1,16,17,7,4,2,1,1,10,7,3,0,6),(469,'lc',133,15,15,15.00000,1,4,21,7,4,2,1,1,5,3,2,0,6),(470,'lc',134,13,13,13.00000,1,8,19,5,4,1,2,1,5,6,-1,0,6),(471,'lc',135,1,1,1.00000,1,50,13,10,7,2,4,1,14,13,1,1,6),(472,'lc',136,6,6,6.00000,1,25,15,10,5,3,1,1,11,8,3,0,6),(473,'lc',137,21,21,21.00000,1,0,24,2,3,0,2,1,2,3,-1,0,6),(474,'lc',57,2,12,9.14286,7,86,10,36,27,10,6,11,50,43,7,0,7),(475,'lc',58,3,18,7.14286,7,152,4,45,31,13,6,12,58,52,6,0,7),(476,'lc',59,2,8,4.50000,6,190,3,61,34,17,10,7,70,54,16,0,7),(477,'lc',60,2,19,8.00000,7,129,7,48,32,14,6,12,62,61,1,0,7),(478,'lc',61,1,22,8.83333,6,112,8,35,25,11,2,12,33,30,3,1,7),(479,'lc',63,1,16,8.42857,7,141,5,44,30,11,11,8,57,51,6,1,7),(480,'lc',64,4,18,9.16667,6,82,11,27,24,6,9,9,37,42,-5,0,7),(481,'lc',71,8,22,12.83333,6,19,19,12,20,3,3,14,20,36,-16,0,7),(482,'lc',79,1,14,5.57143,7,208,2,56,35,16,8,11,50,47,3,1,7),(483,'lc',80,1,23,8.83333,6,132,6,36,26,10,6,10,38,43,-5,1,7),(484,'lc',81,1,9,4.71429,7,209,1,59,37,17,8,12,55,49,6,1,7),(485,'lc',82,8,17,11.28571,7,31,16,26,23,6,8,9,38,46,-8,0,7),(486,'lc',83,4,20,9.60000,5,82,12,27,20,8,3,9,33,35,-2,0,7),(487,'lc',119,2,6,4.33333,3,96,9,27,16,8,3,5,32,25,7,0,7),(488,'lc',120,9,17,13.33333,3,16,20,11,10,3,2,5,11,18,-7,0,7),(489,'lc',121,16,24,20.00000,2,0,27,0,6,0,0,6,4,20,-16,0,7),(490,'lc',122,8,12,10.00000,2,29,17,8,7,2,2,3,12,10,2,0,7),(491,'lc',123,14,19,16.50000,2,6,25,12,7,4,0,3,10,7,3,0,7),(492,'lc',132,8,9,8.50000,2,35,15,15,9,4,3,2,20,12,8,0,7),(493,'lc',133,6,15,10.50000,2,29,18,14,9,4,2,3,10,8,2,0,7),(494,'lc',134,13,24,18.50000,2,8,23,5,7,1,2,4,6,11,-5,0,7),(495,'lc',135,1,15,8.00000,2,54,14,16,11,4,4,3,19,19,0,1,7),(496,'lc',136,1,6,3.50000,2,75,13,22,12,6,4,2,18,12,6,1,7),(497,'lc',137,16,21,18.50000,2,2,26,6,7,1,3,3,4,10,-6,0,7),(498,'lc',146,10,10,10.00000,1,14,21,7,4,2,1,1,5,5,0,0,7),(499,'lc',147,23,23,23.00000,1,0,28,0,3,0,0,3,2,5,-3,0,7),(500,'lc',148,11,11,11.00000,1,12,22,6,4,2,0,2,10,7,3,0,7),(501,'lc',149,13,13,13.00000,1,8,24,3,4,1,0,3,4,10,-6,0,7),(502,'mc',39,3,3,3.00000,1,37,3,7,5,2,1,2,6,4,2,0,1),(503,'mc',58,8,8,8.00000,1,0,8,1,3,0,1,2,3,7,-4,0,1),(504,'mc',79,6,6,6.00000,1,0,6,4,3,1,1,1,3,4,-1,0,1),(505,'mc',80,2,2,2.00000,1,43,2,11,5,3,2,0,12,3,9,0,1),(506,'mc',83,4,4,4.00000,1,32,4,4,5,1,1,3,6,13,-7,0,1),(507,'mc',84,7,7,7.00000,1,0,7,3,3,0,3,0,5,5,0,0,1),(508,'mc',85,5,5,5.00000,1,0,5,4,3,1,1,1,4,4,0,0,1),(509,'mc',88,1,1,1.00000,1,50,1,8,5,2,2,1,7,6,1,1,1),(510,'mc',39,3,3,3.00000,1,37,6,7,5,2,1,2,6,4,2,0,2),(511,'mc',45,3,3,3.00000,1,37,5,10,5,3,1,1,7,5,2,0,2),(512,'mc',58,2,8,5.00000,2,43,3,11,8,3,2,3,14,15,-1,0,2),(513,'mc',59,8,8,8.00000,1,0,13,0,3,0,0,3,1,4,-3,0,2),(514,'mc',60,4,4,4.00000,1,32,7,6,5,2,0,3,3,5,-2,0,2),(515,'mc',79,6,6,6.00000,1,0,10,4,3,1,1,1,3,4,-1,0,2),(516,'mc',80,2,2,2.00000,1,43,4,11,5,3,2,0,12,3,9,0,2),(517,'mc',81,5,5,5.00000,1,0,9,4,3,1,1,1,7,7,0,0,2),(518,'mc',83,4,4,4.00000,1,32,8,4,5,1,1,3,6,13,-7,0,2),(519,'mc',84,7,7,7.00000,1,0,12,3,3,0,3,0,5,5,0,0,2),(520,'mc',85,1,5,3.00000,2,50,1,15,8,4,3,1,13,10,3,1,2),(521,'mc',86,6,6,6.00000,1,0,11,3,3,1,0,2,4,5,-1,0,2),(522,'mc',88,1,7,4.00000,2,50,2,9,8,2,3,3,11,12,-1,1,2),(523,'mc',39,3,3,3.00000,1,37,9,7,5,2,1,2,6,4,2,0,3),(524,'mc',45,3,8,5.50000,2,37,7,11,8,3,2,3,11,12,-1,0,3),(525,'mc',58,2,8,5.00000,2,43,5,11,8,3,2,3,14,15,-1,0,3),(526,'mc',59,7,8,7.50000,2,0,12,3,6,1,0,5,3,11,-8,0,3),(527,'mc',60,4,4,4.00000,2,64,2,16,10,5,1,4,12,14,-2,0,3),(528,'mc',61,3,3,3.00000,1,37,8,8,5,2,2,1,8,6,2,0,3),(529,'mc',79,1,6,3.50000,2,50,3,14,8,4,2,2,16,11,5,1,3),(530,'mc',80,2,2,2.00000,1,43,6,11,5,3,2,0,12,3,9,0,3),(531,'mc',81,5,5,5.00000,1,0,13,4,3,1,1,1,7,7,0,0,3),(532,'mc',83,4,4,4.00000,1,32,10,4,5,1,1,3,6,13,-7,0,3),(533,'mc',84,7,7,7.00000,1,0,15,3,3,0,3,0,5,5,0,0,3),(534,'mc',85,1,5,2.66667,3,93,1,22,13,6,4,3,21,16,5,1,3),(535,'mc',86,6,6,6.00000,2,0,11,6,6,2,0,4,8,11,-3,0,3),(536,'mc',87,5,5,5.00000,1,0,14,3,3,1,0,2,3,3,0,0,3),(537,'mc',88,1,7,4.00000,2,50,4,9,8,2,3,3,11,12,-1,1,3),(538,'mc',39,3,3,3.00000,1,37,11,7,5,2,1,2,6,4,2,0,4),(539,'mc',45,3,8,5.50000,2,37,10,11,8,3,2,3,11,12,-1,0,4),(540,'mc',47,1,1,1.00000,1,50,5,10,5,3,1,1,11,7,4,1,4),(541,'mc',48,4,4,4.00000,1,32,12,7,5,2,1,2,11,13,-2,0,4),(542,'mc',58,2,8,5.00000,2,43,6,11,8,3,2,3,14,15,-1,0,4),(543,'mc',59,7,8,7.50000,2,0,15,3,6,1,0,5,3,11,-8,0,4),(544,'mc',60,4,4,4.00000,2,64,2,16,10,5,1,4,12,14,-2,0,4),(545,'mc',61,3,7,5.00000,2,37,9,11,8,3,2,3,15,14,1,0,4),(546,'mc',63,5,5,5.00000,1,0,16,4,3,1,1,1,3,3,0,0,4),(547,'mc',79,1,6,4.33333,3,50,3,17,11,5,2,4,25,21,4,1,4),(548,'mc',80,2,2,2.00000,1,43,7,11,5,3,2,0,12,3,9,0,4),(549,'mc',81,3,5,4.00000,2,37,8,11,8,3,2,3,15,20,-5,0,4),(550,'mc',83,4,4,4.00000,1,32,13,4,5,1,1,3,6,13,-7,0,4),(551,'mc',84,7,7,7.00000,1,0,18,3,3,0,3,0,5,5,0,0,4),(552,'mc',85,1,5,2.50000,4,136,1,30,18,8,6,4,36,24,12,1,4),(553,'mc',86,6,6,6.00000,2,0,14,6,6,2,0,4,8,11,-3,0,4),(554,'mc',87,5,5,5.00000,1,0,17,3,3,1,0,2,3,3,0,0,4),(555,'mc',88,1,7,4.00000,2,50,4,9,8,2,3,3,11,12,-1,1,4),(556,'mc',109,8,8,8.00000,1,0,19,2,3,0,2,1,5,7,-2,0,4),(557,'mc',39,3,3,3.00000,1,37,13,7,5,2,1,2,6,4,2,0,5),(558,'mc',45,3,8,5.50000,2,37,12,11,8,3,2,3,11,12,-1,0,5),(559,'mc',47,1,4,2.50000,2,82,2,19,10,6,1,3,21,17,4,1,5),(560,'mc',48,4,5,4.50000,2,32,14,11,8,3,2,3,15,17,-2,0,5),(561,'mc',57,6,6,6.00000,1,0,20,1,3,0,1,2,4,6,-2,0,5),(562,'mc',58,2,8,5.00000,2,43,6,11,8,3,2,3,14,15,-1,0,5),(563,'mc',59,7,8,7.33333,3,0,16,6,9,2,0,7,5,18,-13,0,5),(564,'mc',60,4,4,4.00000,2,64,3,16,10,5,1,4,12,14,-2,0,5),(565,'mc',61,3,7,5.00000,2,37,11,11,8,3,2,3,15,14,1,0,5),(566,'mc',63,3,5,4.00000,2,37,9,13,8,4,1,3,13,11,2,0,5),(567,'mc',64,2,2,2.00000,1,43,8,8,5,2,2,1,8,6,2,0,5),(568,'mc',79,1,6,4.33333,3,50,4,17,11,5,2,4,25,21,4,1,5),(569,'mc',80,2,2,2.00000,1,43,7,11,5,3,2,0,12,3,9,0,5),(570,'mc',81,3,5,4.00000,2,37,10,11,8,3,2,3,15,20,-5,0,5),(571,'mc',83,4,4,4.00000,1,32,15,4,5,1,1,3,6,13,-7,0,5),(572,'mc',84,7,8,7.50000,2,0,18,4,6,0,4,2,6,9,-3,0,5),(573,'mc',85,1,5,2.20000,5,186,1,39,23,10,9,4,47,29,18,2,5),(574,'mc',86,6,6,6.00000,2,0,17,6,6,2,0,4,8,11,-3,0,5),(575,'mc',87,5,5,5.00000,1,0,19,3,3,1,0,2,3,3,0,0,5),(576,'mc',88,1,7,4.00000,2,50,5,9,8,2,3,3,11,12,-1,1,5),(577,'mc',109,8,8,8.00000,1,0,21,2,3,0,2,1,5,7,-2,0,5),(578,'mc',37,2,2,2.00000,1,43,10,9,5,3,0,2,14,10,4,0,6),(579,'mc',39,3,3,3.00000,1,37,15,7,5,2,1,2,6,4,2,0,6),(580,'mc',45,3,8,5.50000,2,37,14,11,8,3,2,3,11,12,-1,0,6),(581,'mc',47,1,4,2.50000,2,82,2,19,10,6,1,3,21,17,4,1,6),(582,'mc',48,4,5,4.50000,2,32,16,11,8,3,2,3,15,17,-2,0,6),(583,'mc',57,6,6,6.00000,1,0,23,1,3,0,1,2,4,6,-2,0,6),(584,'mc',58,2,8,5.00000,2,43,8,11,8,3,2,3,14,15,-1,0,6),(585,'mc',59,7,8,7.33333,3,0,19,6,9,2,0,7,5,18,-13,0,6),(586,'mc',60,4,4,4.00000,2,64,4,16,10,5,1,4,12,14,-2,0,6),(587,'mc',61,3,7,5.00000,2,37,13,11,8,3,2,3,15,14,1,0,6),(588,'mc',63,3,5,4.00000,2,37,12,13,8,4,1,3,13,11,2,0,6),(589,'mc',64,2,2,2.00000,1,43,11,8,5,2,2,1,8,6,2,0,6),(590,'mc',79,1,6,4.75000,4,50,5,20,14,6,2,6,31,26,5,1,6),(591,'mc',80,2,2,2.00000,1,43,9,11,5,3,2,0,12,3,9,0,6),(592,'mc',81,3,5,3.66667,3,74,3,19,13,5,4,4,26,28,-2,0,6),(593,'mc',83,4,4,4.00000,1,32,18,4,5,1,1,3,6,13,-7,0,6),(594,'mc',84,7,8,7.50000,2,0,21,4,6,0,4,2,6,9,-3,0,6),(595,'mc',85,1,5,2.66667,6,186,1,43,26,11,10,5,52,34,18,2,6),(596,'mc',86,6,6,6.00000,2,0,20,6,6,2,0,4,8,11,-3,0,6),(597,'mc',87,5,5,5.00000,1,0,22,3,3,1,0,2,3,3,0,0,6),(598,'mc',88,1,7,4.00000,2,50,6,9,8,2,3,3,11,12,-1,1,6),(599,'mc',109,8,8,8.00000,1,0,25,2,3,0,2,1,5,7,-2,0,6),(600,'mc',118,4,4,4.00000,1,32,17,4,5,1,1,3,9,14,-5,0,6),(601,'mc',119,1,1,1.00000,1,50,7,15,5,5,0,0,12,6,6,1,6),(602,'mc',130,7,7,7.00000,1,0,24,1,3,0,1,2,5,9,-4,0,6),(603,'mc',135,8,8,8.00000,1,0,26,1,3,0,1,2,3,8,-5,0,6),(604,'mc',37,2,2,2.00000,1,43,10,9,5,3,0,2,14,10,4,0,7),(605,'mc',39,3,3,3.00000,1,37,16,7,5,2,1,2,6,4,2,0,7),(606,'mc',45,3,8,5.50000,2,37,15,11,8,3,2,3,11,12,-1,0,7),(607,'mc',47,1,4,2.50000,2,82,4,19,10,6,1,3,21,17,4,1,7),(608,'mc',48,4,5,4.50000,2,32,17,11,8,3,2,3,15,17,-2,0,7),(609,'mc',57,6,6,6.00000,1,0,25,1,3,0,1,2,4,6,-2,0,7),(610,'mc',58,2,8,5.00000,2,43,8,11,8,3,2,3,14,15,-1,0,7),(611,'mc',59,6,8,7.00000,4,0,21,10,12,3,1,8,7,20,-13,0,7),(612,'mc',60,4,4,4.00000,2,64,5,16,10,5,1,4,12,14,-2,0,7),(613,'mc',61,3,7,5.00000,2,37,14,11,8,3,2,3,15,14,1,0,7),(614,'mc',63,3,5,4.00000,2,37,13,13,8,4,1,3,13,11,2,0,7),(615,'mc',64,2,2,2.00000,1,43,11,8,5,2,2,1,8,6,2,0,7),(616,'mc',79,1,6,4.75000,4,50,6,20,14,6,2,6,31,26,5,1,7),(617,'mc',80,2,2,2.00000,1,43,9,11,5,3,2,0,12,3,9,0,7),(618,'mc',81,1,5,3.00000,4,124,2,29,18,8,5,5,36,32,4,1,7),(619,'mc',83,4,4,4.00000,1,32,20,4,5,1,1,3,6,13,-7,0,7),(620,'mc',84,7,8,7.50000,2,0,23,4,6,0,4,2,6,9,-3,0,7),(621,'mc',85,1,5,2.66667,6,186,1,43,26,11,10,5,52,34,18,2,7),(622,'mc',86,5,6,5.66667,3,0,22,10,9,3,1,5,11,14,-3,0,7),(623,'mc',87,5,5,5.00000,1,0,24,3,3,1,0,2,3,3,0,0,7),(624,'mc',88,1,7,4.00000,2,50,7,9,8,2,3,3,11,12,-1,1,7),(625,'mc',109,8,8,8.00000,1,0,27,2,3,0,2,1,5,7,-2,0,7),(626,'mc',117,4,4,4.00000,1,32,19,7,5,2,1,2,5,5,0,0,7),(627,'mc',118,4,7,5.50000,2,32,18,5,8,1,2,5,12,20,-8,0,7),(628,'mc',119,1,3,2.00000,2,87,3,25,10,8,1,1,17,9,8,1,7),(629,'mc',130,7,7,7.00000,1,0,26,1,3,0,1,2,5,9,-4,0,7),(630,'mc',135,8,8,8.00000,1,0,28,1,3,0,1,2,3,8,-5,0,7),(631,'mc',136,2,2,2.00000,1,43,12,8,5,2,2,1,4,5,-1,0,7),(632,'mc',155,8,8,8.00000,1,0,29,0,3,0,0,3,2,6,-4,0,7);
/*!40000 ALTER TABLE `RANKING` ENABLE KEYS */;
UNLOCK TABLES;

--
-- Table structure for table `REL_UNIF_RK_TYPE_CHAMP_TYPE`
--

DROP TABLE IF EXISTS `REL_UNIF_RK_TYPE_CHAMP_TYPE`;
/*!40101 SET @saved_cs_client     = @@character_set_client */;
/*!40101 SET character_set_client = utf8 */;
CREATE TABLE `REL_UNIF_RK_TYPE_CHAMP_TYPE` (
  `ID` int(10) unsigned NOT NULL AUTO_INCREMENT,
  `COD_CHAMPIONSHIP_TYPE` varchar(2) NOT NULL,
  `COD_UNIFIED_RANKING_TYPE` varchar(2) NOT NULL,
  `WEIGH` smallint(5) unsigned NOT NULL,
  PRIMARY KEY (`ID`),
  KEY `FK_UNIF_RK_TYPE_CHAMP_TYPE_CHAMPIONSHIP_TYPE` (`COD_CHAMPIONSHIP_TYPE`),
  KEY `FK_UNIF_RK_TYPE_CHAMP_TYPE_UNIFIED_RANKING_TYPE` (`COD_UNIFIED_RANKING_TYPE`),
  CONSTRAINT `FK_UNIF_RK_TYPE_CHAMP_TYPE_CHAMPIONSHIP_TYPE` FOREIGN KEY (`COD_CHAMPIONSHIP_TYPE`) REFERENCES `CHAMPIONSHIP_TYPE` (`CODE`),
  CONSTRAINT `FK_UNIF_RK_TYPE_CHAMP_TYPE_UNIFIED_RANKING_TYPE` FOREIGN KEY (`COD_UNIFIED_RANKING_TYPE`) REFERENCES `UNIFIED_RANKING_TYPE` (`CODE`)
) ENGINE=InnoDB AUTO_INCREMENT=38 DEFAULT CHARSET=latin1;
/*!40101 SET character_set_client = @saved_cs_client */;

--
-- Dumping data for table `REL_UNIF_RK_TYPE_CHAMP_TYPE`
--

LOCK TABLES `REL_UNIF_RK_TYPE_CHAMP_TYPE` WRITE;
/*!40000 ALTER TABLE `REL_UNIF_RK_TYPE_CHAMP_TYPE` DISABLE KEYS */;
INSERT INTO `REL_UNIF_RK_TYPE_CHAMP_TYPE` VALUES (1,'cm','af',3),(2,'cm','ai',3),(3,'lc','al',2),(4,'mc','al',3),(5,'la','am',2),(6,'mc','am',3),(7,'la','ar',2),(8,'mc','ar',3),(9,'ca','as',2),(10,'cm','as',3),(11,'la','bi',2),(12,'mc','bi',3),(13,'cb','br',1),(14,'la','br',2),(15,'mc','br',3),(16,'la','co',2),(17,'mc','co',3),(18,'lc','ep',2),(19,'mc','ep',3),(20,'cm','es',3),(21,'eu','es',2),(22,'lc','eu',2),(23,'mc','eu',3),(24,'lc','in',2),(25,'mc','in',3),(26,'lc','it',2),(27,'mc','it',3),(28,'ca','ms',2),(29,'cm','ms',3),(30,'eu','ms',2),(31,'la','mu',2),(32,'lc','mu',2),(33,'mc','mu',3),(34,'lc','pt',2),(35,'mc','pt',3),(36,'la','ur',3),(37,'mc','ur',2);
/*!40000 ALTER TABLE `REL_UNIF_RK_TYPE_CHAMP_TYPE` ENABLE KEYS */;
UNLOCK TABLES;

--
-- Table structure for table `REL_UNIF_RK_TYPE_COUNTRY`
--

DROP TABLE IF EXISTS `REL_UNIF_RK_TYPE_COUNTRY`;
/*!40101 SET @saved_cs_client     = @@character_set_client */;
/*!40101 SET character_set_client = utf8 */;
CREATE TABLE `REL_UNIF_RK_TYPE_COUNTRY` (
  `ID` int(10) unsigned NOT NULL AUTO_INCREMENT,
  `COD_UNIFIED_RANKING_TYPE` varchar(2) NOT NULL,
  `COD_COUNTRY` varchar(3) NOT NULL,
  PRIMARY KEY (`ID`),
  KEY `FK_UNIF_RK_TYPE_COUNTRY_UNIFIED_RANKING_TYPE` (`COD_UNIFIED_RANKING_TYPE`),
  KEY `FK_UNIF_RK_TYPE_COUNTRY_COUNTRY` (`COD_COUNTRY`),
  CONSTRAINT `FK_UNIF_RK_TYPE_COUNTRY_COUNTRY` FOREIGN KEY (`COD_COUNTRY`) REFERENCES `COUNTRY` (`CODE`),
  CONSTRAINT `FK_UNIF_RK_TYPE_COUNTRY_UNIFIED_RANKING_TYPE` FOREIGN KEY (`COD_UNIFIED_RANKING_TYPE`) REFERENCES `UNIFIED_RANKING_TYPE` (`CODE`)
) ENGINE=InnoDB AUTO_INCREMENT=111 DEFAULT CHARSET=latin1;
/*!40101 SET character_set_client = @saved_cs_client */;

--
-- Dumping data for table `REL_UNIF_RK_TYPE_COUNTRY`
--

LOCK TABLES `REL_UNIF_RK_TYPE_COUNTRY` WRITE;
/*!40000 ALTER TABLE `REL_UNIF_RK_TYPE_COUNTRY` DISABLE KEYS */;
INSERT INTO `REL_UNIF_RK_TYPE_COUNTRY` VALUES (1,'af','CAM'),(2,'af','NIG'),(3,'ai','ARA'),(4,'ai','COR'),(5,'al','ALE'),(6,'am','ARG'),(7,'am','BRA'),(8,'am','CHI'),(9,'am','COL'),(10,'am','EQU'),(11,'am','MEX'),(12,'am','PAR'),(13,'am','PER'),(14,'am','URU'),(15,'ar','ARG'),(16,'as','ARG'),(17,'as','BRA'),(18,'as','CHI'),(19,'as','COL'),(20,'as','EQU'),(21,'as','MEX'),(22,'as','PAR'),(23,'as','PER'),(24,'as','URU'),(25,'as','EUA'),(26,'bi','BRA'),(27,'br','BRA'),(28,'co','COL'),(29,'ep','ESP'),(30,'es','ALE'),(31,'es','BEL'),(32,'es','DIN'),(33,'es','ESC'),(34,'es','ESP'),(35,'es','FRA'),(36,'es','GRE'),(37,'es','HOL'),(38,'es','ING'),(39,'es','ITA'),(40,'es','POL'),(41,'es','POR'),(42,'es','RUS'),(43,'es','SUE'),(44,'eu','ALE'),(45,'eu','BEL'),(46,'eu','DIN'),(47,'eu','ESC'),(48,'eu','ESP'),(49,'eu','FRA'),(50,'eu','GRE'),(51,'eu','HOL'),(52,'eu','ING'),(53,'eu','ITA'),(54,'eu','POR'),(55,'eu','RUS'),(56,'eu','SUE'),(57,'in','ING'),(58,'it','ITA'),(59,'ms','ALE'),(60,'ms','ARG'),(61,'ms','BEL'),(62,'ms','BRA'),(63,'ms','CAM'),(64,'ms','CHI'),(65,'ms','COL'),(66,'ms','COR'),(67,'ms','DIN'),(68,'ms','EQU'),(69,'ms','ESC'),(70,'ms','ESP'),(71,'ms','FRA'),(72,'ms','GRE'),(73,'ms','HOL'),(74,'ms','ING'),(75,'ms','ITA'),(76,'ms','MEX'),(77,'ms','NIG'),(78,'ms','PAR'),(79,'ms','PER'),(80,'ms','POR'),(81,'ms','RUS'),(82,'ms','SUE'),(83,'ms','URU'),(84,'mu','ALE'),(85,'mu','ARG'),(86,'mu','BEL'),(87,'mu','BRA'),(88,'mu','CAM'),(89,'mu','CHI'),(90,'mu','COL'),(91,'mu','COR'),(92,'mu','DIN'),(93,'mu','EQU'),(94,'mu','ESC'),(95,'mu','ESP'),(96,'mu','FRA'),(97,'mu','GRE'),(98,'mu','HOL'),(99,'mu','ING'),(100,'mu','ITA'),(101,'mu','MEX'),(102,'mu','NIG'),(103,'mu','PAR'),(104,'mu','PER'),(105,'mu','POR'),(106,'mu','RUS'),(107,'mu','SUE'),(108,'mu','URU'),(109,'pt','POR'),(110,'ur','URU');
/*!40000 ALTER TABLE `REL_UNIF_RK_TYPE_COUNTRY` ENABLE KEYS */;
UNLOCK TABLES;

--
-- Table structure for table `SCORING`
--

DROP TABLE IF EXISTS `SCORING`;
/*!40101 SET @saved_cs_client     = @@character_set_client */;
/*!40101 SET character_set_client = utf8 */;
CREATE TABLE `SCORING` (
  `ID` int(10) unsigned NOT NULL AUTO_INCREMENT,
  `COD_CHAMPIONSHIP_TYPE` varchar(2) NOT NULL,
  `NUM_POS` smallint(5) unsigned NOT NULL,
  `NUM_POINTS` smallint(5) unsigned NOT NULL,
  PRIMARY KEY (`ID`),
  KEY `FK_SCORING_CHAMPIONSHIP_TYPE` (`COD_CHAMPIONSHIP_TYPE`),
  CONSTRAINT `FK_SCORING_CHAMPIONSHIP_TYPE` FOREIGN KEY (`COD_CHAMPIONSHIP_TYPE`) REFERENCES `CHAMPIONSHIP_TYPE` (`CODE`)
) ENGINE=InnoDB AUTO_INCREMENT=69 DEFAULT CHARSET=latin1;
/*!40101 SET character_set_client = @saved_cs_client */;

--
-- Dumping data for table `SCORING`
--

LOCK TABLES `SCORING` WRITE;
/*!40000 ALTER TABLE `SCORING` DISABLE KEYS */;
INSERT INTO `SCORING` VALUES (1,'cb',1,50),(2,'cb',2,43),(3,'cb',3,37),(4,'cb',4,32),(5,'cb',5,28),(6,'cb',6,25),(7,'cb',7,22),(8,'cb',8,19),(9,'cb',9,16),(10,'cb',10,14),(11,'cb',11,12),(12,'cb',12,10),(13,'cb',13,8),(14,'cb',14,6),(15,'cb',15,4),(16,'cb',16,2),(17,'cm',1,50),(18,'cm',2,43),(19,'cm',3,37),(20,'cm',4,32),(21,'cm',5,28),(22,'cm',6,25),(23,'cm',7,22),(24,'cm',8,19),(25,'cm',9,16),(26,'cm',10,14),(27,'cm',11,12),(28,'cm',12,10),(29,'cm',13,8),(30,'cm',14,6),(31,'cm',15,4),(32,'cm',16,2),(33,'la',1,50),(34,'la',2,43),(35,'la',3,37),(36,'la',4,32),(37,'la',5,28),(38,'la',6,25),(39,'la',7,22),(40,'la',8,19),(41,'la',9,16),(42,'la',10,14),(43,'la',11,12),(44,'la',12,10),(45,'la',13,8),(46,'la',14,6),(47,'la',15,4),(48,'la',16,2),(49,'lc',1,50),(50,'lc',2,43),(51,'lc',3,37),(52,'lc',4,32),(53,'lc',5,28),(54,'lc',6,25),(55,'lc',7,22),(56,'lc',8,19),(57,'lc',9,16),(58,'lc',10,14),(59,'lc',11,12),(60,'lc',12,10),(61,'lc',13,8),(62,'lc',14,6),(63,'lc',15,4),(64,'lc',16,2),(65,'mc',1,50),(66,'mc',2,43),(67,'mc',3,37),(68,'mc',4,32);
/*!40000 ALTER TABLE `SCORING` ENABLE KEYS */;
UNLOCK TABLES;

--
-- Table structure for table `STANDINGS`
--

DROP TABLE IF EXISTS `STANDINGS`;
/*!40101 SET @saved_cs_client     = @@character_set_client */;
/*!40101 SET character_set_client = utf8 */;
CREATE TABLE `STANDINGS` (
  `ID` int(10) unsigned NOT NULL AUTO_INCREMENT,
  `ID_CHAMPIONSHIP` int(10) unsigned NOT NULL,
  `ID_TEAM` int(10) unsigned NOT NULL,
  `COD_GAME_TYPE` varchar(2) NOT NULL,
  `NUM_INTRA_GRP_POS` smallint(5) unsigned DEFAULT NULL,
  `NUM_EXTRA_GRP_POS` smallint(5) unsigned DEFAULT NULL,
  `NUM_FINAL_POS` smallint(5) unsigned DEFAULT NULL,
  `NUM_POINTS` int(10) unsigned NOT NULL,
  `NUM_GAMES` int(10) unsigned NOT NULL,
  `NUM_WINS` int(10) unsigned NOT NULL,
  `NUM_TIES` int(10) unsigned NOT NULL,
  `NUM_LOSSES` int(10) unsigned NOT NULL,
  `NUM_GOALS_FOR` int(10) unsigned NOT NULL,
  `NUM_GOALS_AGAINST` int(10) unsigned NOT NULL,
  `NUM_GOAL_DIFF` int(10) NOT NULL,
  PRIMARY KEY (`ID`),
  KEY `FK_STANDINGS_CHAMPIONSHIP` (`ID_CHAMPIONSHIP`),
  KEY `FK_STANDINGS_TEAM` (`ID_TEAM`),
  KEY `FK_STANDINGS_GAME_TYPE` (`COD_GAME_TYPE`),
  CONSTRAINT `FK_STANDINGS_CHAMPIONSHIP` FOREIGN KEY (`ID_CHAMPIONSHIP`) REFERENCES `CHAMPIONSHIP` (`ID`),
  CONSTRAINT `FK_STANDINGS_GAME_TYPE` FOREIGN KEY (`COD_GAME_TYPE`) REFERENCES `GAME_TYPE` (`CODE`),
  CONSTRAINT `FK_STANDINGS_TEAM` FOREIGN KEY (`ID_TEAM`) REFERENCES `TEAM` (`ID`)
) ENGINE=InnoDB AUTO_INCREMENT=993 DEFAULT CHARSET=latin1;
/*!40101 SET character_set_client = @saved_cs_client */;

--
-- Dumping data for table `STANDINGS`
--

LOCK TABLES `STANDINGS` WRITE;
/*!40000 ALTER TABLE `STANDINGS` DISABLE KEYS */;
INSERT INTO `STANDINGS` VALUES (1,4,36,'f1',3,9,9,4,3,1,1,1,2,1,1),(2,4,36,'g1',3,9,NULL,4,3,1,1,1,2,1,1),(3,4,37,'f1',2,8,4,7,6,1,4,1,6,7,-1),(4,4,37,'g2',2,8,NULL,3,3,0,3,0,2,2,0),(5,4,38,'f1',4,15,15,0,3,0,0,3,3,9,-6),(6,4,38,'g4',4,15,NULL,0,3,0,0,3,3,9,-6),(7,4,39,'f1',2,5,2,11,6,3,2,1,12,11,1),(8,4,39,'g4',2,5,NULL,7,3,2,1,0,7,4,3),(9,4,40,'f1',1,4,8,7,4,2,1,1,5,5,0),(10,4,40,'g2',1,4,NULL,7,3,2,1,0,5,3,2),(11,4,41,'f1',3,12,12,2,3,0,2,1,2,4,-2),(12,4,41,'g3',3,12,NULL,2,3,0,2,1,2,4,-2),(13,4,42,'f1',4,13,13,2,3,0,2,1,3,4,-1),(14,4,42,'g2',4,13,NULL,2,3,0,2,1,3,4,-1),(15,4,43,'f1',3,11,11,2,3,0,2,1,4,5,-1),(16,4,43,'g2',3,11,NULL,2,3,0,2,1,4,5,-1),(17,4,44,'f1',2,7,5,5,4,1,2,1,5,4,1),(18,4,44,'g3',2,7,NULL,4,3,1,1,1,4,3,1),(19,4,45,'f1',1,2,3,11,6,3,2,1,14,8,6),(20,4,45,'g1',1,2,NULL,7,3,2,1,0,9,4,5),(21,4,46,'f1',4,16,16,0,3,0,0,3,1,9,-8),(22,4,46,'g1',4,16,NULL,0,3,0,0,3,1,9,-8),(23,4,47,'f1',2,6,1,14,6,4,2,0,16,8,8),(24,4,47,'g1',2,6,NULL,5,3,1,2,0,7,5,2),(25,4,73,'f1',3,10,10,3,3,1,0,2,2,3,-1),(26,4,73,'g4',3,10,NULL,3,3,1,0,2,2,3,-1),(27,4,74,'f1',1,1,7,9,4,3,0,1,7,4,3),(28,4,74,'g3',1,1,NULL,9,3,3,0,0,7,3,4),(29,4,91,'f1',4,14,14,1,3,0,1,2,1,4,-3),(30,4,91,'g3',4,14,NULL,1,3,0,1,2,1,4,-3),(31,4,92,'f1',1,3,6,7,4,2,1,1,7,4,3),(32,4,92,'g4',1,3,NULL,7,3,2,1,0,6,2,4),(33,5,57,'f1',4,10,10,1,3,0,1,2,3,6,-3),(34,5,57,'g2',4,10,NULL,1,3,0,1,2,3,6,-3),(35,5,58,'f1',2,5,3,12,6,4,0,2,11,7,4),(36,5,58,'g1',2,5,NULL,6,3,2,0,1,4,3,1),(37,5,60,'f1',3,7,7,4,4,1,1,2,7,9,-2),(38,5,60,'g2',3,7,NULL,4,3,1,1,1,5,5,0),(39,5,61,'f1',1,3,6,6,4,2,0,2,4,3,1),(40,5,61,'g2',1,3,NULL,6,3,2,0,1,3,1,2),(41,5,63,'f1',3,8,5,5,4,1,2,1,4,5,-1),(42,5,63,'g1',3,8,NULL,4,3,1,1,1,4,5,-1),(43,5,64,'f1',4,12,12,0,3,0,0,3,3,8,-5),(44,5,64,'g1',4,12,NULL,0,3,0,0,3,3,8,-5),(45,5,71,'f1',4,11,11,0,3,0,0,3,0,4,-4),(46,5,71,'g3',4,11,NULL,0,3,0,0,3,0,4,-4),(47,5,79,'f1',2,6,2,8,6,2,2,2,4,7,-3),(48,5,79,'g3',2,6,NULL,4,3,1,1,1,2,2,0),(49,5,80,'f1',1,1,1,16,6,5,1,0,13,3,10),(50,5,80,'g3',1,1,NULL,9,3,3,0,0,6,1,5),(51,5,81,'f1',2,4,8,6,4,2,0,2,6,8,-2),(52,5,81,'g2',2,4,NULL,6,3,2,0,1,6,5,1),(53,5,82,'f1',3,9,9,4,3,1,1,1,3,4,-1),(54,5,82,'g3',3,9,NULL,4,3,1,1,1,3,4,-1),(55,5,83,'f1',1,2,4,11,6,3,2,1,13,7,6),(56,5,83,'g1',1,2,NULL,7,3,2,1,0,8,3,5),(57,6,49,'f1',4,10,10,1,3,0,1,2,4,6,-2),(58,6,49,'g3',4,10,NULL,1,3,0,1,2,4,6,-2),(59,6,50,'f1',2,5,1,13,6,4,1,1,13,9,4),(60,6,50,'g3',2,5,NULL,4,3,1,1,1,6,7,-1),(61,6,51,'f1',3,7,5,3,4,0,3,1,7,8,-1),(62,6,51,'g3',3,7,NULL,3,3,0,3,0,5,5,0),(63,6,52,'f1',4,11,11,1,3,0,1,2,3,5,-2),(64,6,52,'g1',4,11,NULL,1,3,0,1,2,3,5,-2),(65,6,53,'f1',1,2,2,15,6,5,0,1,11,7,4),(66,6,53,'g1',1,2,NULL,9,3,3,0,0,6,2,4),(67,6,56,'f1',4,12,12,1,3,0,1,2,4,8,-4),(68,6,56,'g2',4,12,NULL,1,3,0,1,2,4,8,-4),(69,6,65,'f1',1,1,4,12,6,4,0,2,14,8,6),(70,6,65,'g2',1,1,NULL,9,3,3,0,0,9,3,6),(71,6,68,'f1',2,6,8,4,4,1,1,2,2,7,-5),(72,6,68,'g1',2,6,NULL,4,3,1,1,1,2,3,-1),(73,6,93,'f1',1,3,3,13,6,4,1,1,16,9,7),(74,6,93,'g3',1,3,NULL,7,3,2,1,0,9,6,3),(75,6,94,'f1',3,9,9,1,3,0,1,2,4,7,-3),(76,6,94,'g2',3,9,NULL,1,3,0,1,2,4,7,-3),(77,6,95,'f1',3,8,7,2,4,0,2,2,2,5,-3),(78,6,95,'g1',3,8,NULL,2,3,0,2,1,2,3,-1),(79,6,96,'f1',2,4,6,6,4,2,0,2,7,8,-1),(80,6,96,'g2',2,4,NULL,6,3,2,0,1,7,6,1),(81,7,36,'f1',1,2,7,7,4,2,1,1,9,5,4),(82,7,36,'g2',1,2,NULL,7,3,2,1,0,9,4,5),(83,7,37,'f1',2,8,5,5,4,1,2,1,4,4,0),(84,7,37,'g2',2,8,NULL,4,3,1,1,1,3,3,0),(85,7,38,'f1',3,11,11,4,3,1,1,1,3,3,0),(86,7,38,'g2',3,11,NULL,4,3,1,1,1,3,3,0),(87,7,39,'f1',2,6,1,15,6,5,0,1,14,9,5),(88,7,39,'g1',2,6,NULL,6,3,2,0,1,6,5,1),(89,7,40,'f1',2,5,2,12,6,4,0,2,12,8,4),(90,7,40,'g4',2,5,NULL,6,3,2,0,1,8,5,3),(91,7,41,'f1',4,14,14,0,3,0,0,3,3,7,-4),(92,7,41,'g1',4,14,NULL,0,3,0,0,3,3,7,-4),(93,7,42,'f1',1,3,6,7,4,2,1,1,9,7,2),(94,7,42,'g4',1,3,NULL,7,3,2,1,0,8,5,3),(95,7,43,'f1',3,10,10,4,3,1,1,1,4,3,1),(96,7,43,'g4',3,10,NULL,4,3,1,1,1,4,3,1),(97,7,44,'f1',2,7,4,9,6,3,0,3,8,12,-4),(98,7,44,'g3',2,7,NULL,6,3,2,0,1,4,5,-1),(99,7,45,'f1',4,15,15,0,3,0,0,3,4,9,-5),(100,7,45,'g3',4,15,NULL,0,3,0,0,3,4,9,-5),(101,7,46,'f1',4,13,13,1,3,0,1,2,2,7,-5),(102,7,46,'g2',4,13,NULL,1,3,0,1,2,2,7,-5),(103,7,47,'f1',1,1,3,13,6,4,1,1,17,8,9),(104,7,47,'g3',1,1,NULL,9,3,3,0,0,12,5,7),(105,7,73,'f1',3,9,9,6,3,2,0,1,5,4,1),(106,7,73,'g1',3,9,NULL,6,3,2,0,1,5,4,1),(107,7,74,'f1',3,12,12,3,3,1,0,2,4,5,-1),(108,7,74,'g3',3,12,NULL,3,3,1,0,2,4,5,-1),(109,7,91,'f1',4,16,16,0,3,0,0,3,4,11,-7),(110,7,91,'g4',4,16,NULL,0,3,0,0,3,4,11,-7),(111,7,92,'f1',1,4,8,6,4,2,0,2,6,6,0),(112,7,92,'g1',1,4,NULL,6,3,2,0,1,6,4,2),(113,8,39,'f1',1,3,1,15,6,5,0,1,11,5,6),(114,8,39,'g2',1,3,NULL,6,3,2,0,1,4,2,2),(115,8,40,'f1',2,6,7,5,4,1,2,1,7,8,-1),(116,8,40,'g3',2,6,NULL,5,3,1,2,0,6,5,1),(117,8,44,'f1',2,5,6,6,4,2,0,2,3,4,-1),(118,8,44,'g2',2,5,NULL,6,3,2,0,1,2,1,1),(119,8,47,'f1',4,12,12,0,3,0,0,3,2,8,-6),(120,8,47,'g1',4,12,NULL,0,3,0,0,3,2,8,-6),(121,8,48,'f1',3,8,8,4,4,1,1,2,5,9,-4),(122,8,48,'g1',3,8,NULL,4,3,1,1,1,5,6,-1),(123,8,84,'f1',2,4,3,12,6,4,0,2,12,6,6),(124,8,84,'g1',2,4,NULL,6,3,2,0,1,6,3,3),(125,8,85,'f1',1,1,2,13,6,4,1,1,11,3,8),(126,8,85,'g1',1,1,NULL,7,3,2,1,0,5,1,4),(127,8,86,'f1',4,11,11,1,3,0,1,2,2,7,-5),(128,8,86,'g3',4,11,NULL,1,3,0,1,2,2,7,-5),(129,8,87,'f1',3,9,9,3,3,1,0,2,5,3,2),(130,8,87,'g3',3,9,NULL,3,3,1,0,2,5,3,2),(131,8,88,'f1',1,2,4,10,6,3,1,2,8,9,-1),(132,8,88,'g3',1,2,NULL,7,3,2,1,0,6,4,2),(133,8,89,'f1',4,10,10,1,3,0,1,2,1,4,-3),(134,8,89,'g2',4,10,NULL,1,3,0,1,2,1,4,-3),(135,8,90,'f1',3,7,5,4,4,1,1,2,3,4,-1),(136,8,90,'g2',3,7,NULL,4,3,1,1,1,3,3,0),(137,9,39,'f1',1,2,3,7,5,2,1,2,6,4,2),(138,9,39,'g2',1,2,NULL,4,3,1,1,1,4,3,1),(139,9,58,'f1',4,8,8,1,3,0,1,2,3,7,-4),(140,9,58,'g1',4,8,NULL,1,3,0,1,2,3,7,-4),(141,9,79,'f1',3,6,6,4,3,1,1,1,3,4,-1),(142,9,79,'g2',3,6,NULL,4,3,1,1,1,3,4,-1),(143,9,80,'f1',1,1,2,11,5,3,2,0,12,3,9),(144,9,80,'g1',1,1,NULL,7,3,2,1,0,7,3,4),(145,9,83,'f1',2,4,4,4,5,1,1,3,6,13,-7),(146,9,83,'g1',2,4,NULL,4,3,1,1,1,6,6,0),(147,9,84,'f1',4,7,7,3,3,0,3,0,5,5,0),(148,9,84,'g2',4,7,NULL,3,3,0,3,0,5,5,0),(149,9,85,'f1',3,5,5,4,3,1,1,1,4,4,0),(150,9,85,'g1',3,5,NULL,4,3,1,1,1,4,4,0),(151,9,88,'f1',2,3,1,8,5,2,2,1,7,6,1),(152,9,88,'g2',2,3,NULL,4,3,1,1,1,6,6,0),(153,20,57,'f1',1,2,8,7,4,2,1,1,9,8,1),(154,20,57,'g3',1,2,NULL,7,3,2,1,0,9,6,3),(155,20,58,'f1',2,6,3,8,6,2,2,2,8,7,1),(156,20,58,'g1',2,6,NULL,3,3,1,0,2,5,5,0),(157,20,59,'f1',2,4,4,10,6,2,4,0,8,6,2),(158,20,59,'g3',2,4,NULL,7,3,2,1,0,6,4,2),(159,20,60,'f1',1,1,2,13,6,4,1,1,16,9,7),(160,20,60,'g1',1,1,NULL,9,3,3,0,0,10,2,8),(161,20,61,'f1',4,10,10,3,3,1,0,2,3,6,-3),(162,20,61,'g2',4,10,NULL,3,3,1,0,2,3,6,-3),(163,20,63,'f1',1,3,7,6,4,2,0,2,10,5,5),(164,20,63,'g2',1,3,NULL,6,3,2,0,1,9,3,6),(165,20,71,'f1',3,9,9,3,3,1,0,2,3,6,-3),(166,20,71,'g1',3,9,NULL,3,3,1,0,2,3,6,-3),(167,20,79,'f1',3,8,6,3,4,1,0,3,5,7,-2),(168,20,79,'g3',3,8,NULL,3,3,1,0,2,3,4,-1),(169,20,80,'f1',2,5,5,5,4,1,2,1,4,4,0),(170,20,80,'g2',2,5,NULL,4,3,1,1,1,4,4,0),(171,20,81,'f1',3,7,1,11,6,3,2,1,8,7,1),(172,20,81,'g2',3,7,NULL,4,3,1,1,1,2,5,-3),(173,20,82,'f1',4,11,11,3,3,1,0,2,4,9,-5),(174,20,82,'g1',4,11,NULL,3,3,1,0,2,4,9,-5),(175,20,83,'f1',4,12,12,0,3,0,0,3,2,6,-4),(176,20,83,'g3',4,12,NULL,0,3,0,0,3,2,6,-4),(177,21,37,'f1',3,8,8,3,4,0,3,1,4,5,-1),(178,21,37,'g1',3,8,NULL,3,3,0,3,0,3,3,0),(179,21,39,'f1',1,2,4,8,6,2,2,2,10,10,0),(180,21,39,'g1',1,2,NULL,7,3,2,1,0,6,2,4),(181,21,45,'f1',2,5,2,8,6,2,2,2,8,8,0),(182,21,45,'g2',2,5,NULL,4,3,1,1,1,5,5,0),(183,21,47,'f1',3,7,5,5,4,1,2,1,5,6,-1),(184,21,47,'g2',3,7,NULL,4,3,1,1,1,4,5,-1),(185,21,48,'f1',4,11,11,2,3,0,2,1,3,4,-1),(186,21,48,'g3',4,11,NULL,2,3,0,2,1,3,4,-1),(187,21,84,'f1',1,3,7,4,4,1,1,2,8,8,0),(188,21,84,'g2',1,3,NULL,4,3,1,1,1,6,5,1),(189,21,85,'f1',1,1,3,13,6,4,1,1,9,5,4),(190,21,85,'g3',1,1,NULL,7,3,2,1,0,6,2,4),(191,21,86,'f1',2,6,1,13,6,4,1,1,17,12,5),(192,21,86,'g1',2,6,NULL,4,3,1,1,1,5,6,-1),(193,21,87,'f1',4,10,10,3,3,0,3,0,5,5,0),(194,21,87,'g2',4,10,NULL,3,3,0,3,0,5,5,0),(195,21,88,'f1',3,9,9,3,3,1,0,2,4,8,-4),(196,21,88,'g3',3,9,NULL,3,3,1,0,2,4,8,-4),(197,21,89,'f1',2,4,6,5,4,1,2,1,4,3,1),(198,21,89,'g3',2,4,NULL,4,3,1,1,1,4,3,1),(199,21,90,'f1',4,12,12,1,3,0,1,2,1,4,-3),(200,21,90,'g1',4,12,NULL,1,3,0,1,2,1,4,-3),(201,22,45,'f1',2,3,3,10,5,3,1,1,7,5,2),(202,22,45,'g1',2,3,NULL,6,3,2,0,1,5,4,1),(203,22,58,'f1',1,1,2,10,5,3,1,1,11,8,3),(204,22,58,'g2',1,1,NULL,7,3,2,1,0,8,5,3),(205,22,59,'f1',4,8,8,0,3,0,0,3,1,4,-3),(206,22,59,'g1',4,8,NULL,0,3,0,0,3,1,4,-3),(207,22,60,'f1',2,4,4,6,5,2,0,3,3,5,-2),(208,22,60,'g2',2,4,NULL,6,3,2,0,1,2,2,0),(209,22,81,'f1',3,5,5,4,3,1,1,1,7,7,0),(210,22,81,'g1',3,5,NULL,4,3,1,1,1,7,7,0),(211,22,85,'f1',1,2,1,11,5,3,2,0,9,6,3),(212,22,85,'g1',1,2,NULL,7,3,2,1,0,6,4,2),(213,22,86,'f1',3,6,6,3,3,1,0,2,4,5,-1),(214,22,86,'g2',3,6,NULL,3,3,1,0,2,4,5,-1),(215,22,88,'f1',4,7,7,1,3,0,1,2,4,6,-2),(216,22,88,'g2',4,7,NULL,1,3,0,1,2,4,6,-2),(217,23,49,'f1',1,3,8,5,4,1,2,1,7,7,0),(218,23,49,'g1',1,3,NULL,5,3,1,2,0,7,5,2),(219,23,50,'f1',2,6,1,11,6,3,2,1,11,8,3),(220,23,50,'g1',2,6,NULL,4,3,1,1,1,5,5,0),(221,23,51,'f1',4,11,11,1,3,0,1,2,3,7,-4),(222,23,51,'g3',4,11,NULL,1,3,0,1,2,3,7,-4),(223,23,52,'f1',3,9,9,4,3,1,1,1,4,6,-2),(224,23,52,'g2',3,9,NULL,4,3,1,1,1,4,6,-2),(225,23,53,'f1',2,5,2,9,6,2,3,1,10,8,2),(226,23,53,'g2',2,5,NULL,4,3,1,1,1,6,5,1),(227,23,56,'f1',1,1,7,9,4,3,0,1,9,6,3),(228,23,56,'g2',1,1,NULL,9,3,3,0,0,9,4,5),(229,23,65,'f1',3,7,4,8,6,2,2,2,9,9,0),(230,23,65,'g1',3,7,NULL,4,3,1,1,1,4,4,0),(231,23,68,'f1',1,2,5,7,4,2,1,1,8,5,3),(232,23,68,'g3',1,2,NULL,7,3,2,1,0,7,3,4),(233,23,93,'f1',3,8,3,9,6,2,3,1,9,8,1),(234,23,93,'g3',3,8,NULL,4,3,1,1,1,5,6,-1),(235,23,94,'f1',2,4,6,4,4,1,1,2,7,7,0),(236,23,94,'g3',2,4,NULL,4,3,1,1,1,6,5,1),(237,23,95,'f1',4,10,10,3,3,1,0,2,3,5,-2),(238,23,95,'g1',4,10,NULL,3,3,1,0,2,3,5,-2),(239,23,96,'f1',4,12,12,0,3,0,0,3,5,9,-4),(240,23,96,'g2',4,12,NULL,0,3,0,0,3,5,9,-4),(241,36,36,'f1',3,12,12,3,3,0,3,0,6,6,0),(242,36,36,'g1',3,12,NULL,3,3,0,3,0,6,6,0),(243,36,37,'f1',3,11,11,3,3,1,0,2,5,6,-1),(244,36,37,'g4',3,11,NULL,3,3,1,0,2,5,6,-1),(245,36,38,'f1',2,7,5,5,4,1,2,1,6,6,0),(246,36,38,'g1',2,7,NULL,4,3,1,1,1,4,4,0),(247,36,39,'f1',2,8,3,10,6,3,1,2,10,7,3),(248,36,39,'g2',2,8,NULL,4,3,1,1,1,3,3,0),(249,36,40,'f1',3,9,9,4,3,1,1,1,5,4,1),(250,36,40,'g3',3,9,NULL,4,3,1,1,1,5,4,1),(251,36,41,'f1',1,2,1,14,6,4,2,0,13,5,8),(252,36,41,'g2',1,2,NULL,7,3,2,1,0,6,2,4),(253,36,42,'f1',4,14,14,2,3,0,2,1,4,7,-3),(254,36,42,'g3',4,14,NULL,2,3,0,2,1,4,7,-3),(255,36,43,'f1',4,16,16,1,3,0,1,2,3,6,-3),(256,36,43,'g4',4,16,NULL,1,3,0,1,2,3,6,-3),(257,36,44,'f1',1,1,8,7,4,2,1,1,7,7,0),(258,36,44,'g4',1,1,NULL,7,3,2,1,0,7,3,4),(259,36,45,'f1',2,6,4,7,6,2,1,3,12,12,0),(260,36,45,'g3',2,6,NULL,4,3,1,1,1,6,5,1),(261,36,46,'f1',4,13,13,2,3,0,2,1,3,4,-1),(262,36,46,'g1',4,13,NULL,2,3,0,2,1,3,4,-1),(263,36,47,'f1',1,4,6,5,4,1,2,1,4,4,0),(264,36,47,'g1',1,4,NULL,5,3,1,2,0,1,0,1),(265,36,73,'f1',3,10,10,4,3,1,1,1,5,7,-2),(266,36,73,'g2',3,10,NULL,4,3,1,1,1,5,7,-2),(267,36,74,'f1',4,15,15,1,3,0,1,2,4,6,-2),(268,36,74,'g2',4,15,NULL,1,3,0,1,2,4,6,-2),(269,36,91,'f1',2,5,2,12,6,4,0,2,12,10,2),(270,36,91,'g4',2,5,NULL,6,3,2,0,1,5,5,0),(271,36,92,'f1',1,3,7,5,4,1,2,1,4,6,-2),(272,36,92,'g3',1,3,NULL,5,3,1,2,0,3,2,1),(273,37,57,'f1',4,10,10,3,3,1,0,2,4,4,0),(274,37,57,'g1',4,10,NULL,3,3,1,0,2,4,4,0),(275,37,58,'f1',1,3,6,6,4,2,0,2,5,5,0),(276,37,58,'g1',1,3,NULL,6,3,2,0,1,5,3,2),(277,37,59,'f1',2,5,2,11,6,3,2,1,13,8,5),(278,37,59,'g2',2,5,NULL,4,3,1,1,1,6,5,1),(279,37,60,'f1',3,7,4,7,6,2,1,3,7,11,-4),(280,37,60,'g1',3,7,NULL,4,3,1,1,1,2,4,-2),(281,37,61,'f1',3,8,3,9,6,3,0,3,11,6,5),(282,37,61,'g3',3,8,NULL,3,3,1,0,2,2,3,-1),(283,37,63,'f1',4,11,11,2,3,0,2,1,4,8,-4),(284,37,63,'g2',4,11,NULL,2,3,0,2,1,4,8,-4),(285,37,64,'f1',1,2,5,7,4,2,1,1,8,5,3),(286,37,64,'g2',1,2,NULL,7,3,2,1,0,7,2,5),(287,37,71,'f1',4,12,12,0,3,0,0,3,1,7,-6),(288,37,71,'g3',4,12,NULL,0,3,0,0,3,1,7,-6),(289,37,79,'f1',2,6,1,11,6,3,2,1,8,5,3),(290,37,79,'g1',2,6,NULL,4,3,1,1,1,2,2,0),(291,37,80,'f1',2,4,7,6,4,2,0,2,7,9,-2),(292,37,80,'g3',2,4,NULL,6,3,2,0,1,6,5,1),(293,37,81,'f1',3,9,9,2,3,0,2,1,4,6,-2),(294,37,81,'g2',3,9,NULL,2,3,0,2,1,4,6,-2),(295,37,82,'f1',1,1,8,9,4,3,0,1,9,7,2),(296,37,82,'g3',1,1,NULL,9,3,3,0,0,8,2,6),(297,39,39,'f1',2,4,7,6,4,2,0,2,9,7,2),(298,39,39,'g3',2,4,NULL,6,3,2,0,1,8,5,3),(299,39,41,'f1',4,11,11,1,3,0,1,2,4,7,-3),(300,39,41,'g1',4,11,NULL,1,3,0,1,2,4,7,-3),(301,39,45,'f1',3,8,3,9,6,3,0,3,6,7,-1),(302,39,45,'g1',3,8,NULL,3,3,1,0,2,3,4,-1),(303,39,48,'f1',1,1,8,7,4,2,1,1,8,6,2),(304,39,48,'g1',1,1,NULL,7,3,2,1,0,8,5,3),(305,39,84,'f1',4,10,10,2,3,0,2,1,3,4,-1),(306,39,84,'g2',4,10,NULL,2,3,0,2,1,3,4,-1),(307,39,85,'f1',2,5,2,13,6,4,1,1,14,10,4),(308,39,85,'g1',2,5,NULL,6,3,2,0,1,7,6,1),(309,39,86,'f1',3,7,4,5,6,1,2,3,9,10,-1),(310,39,86,'g3',3,7,NULL,3,3,1,0,2,7,7,0),(311,39,87,'f1',2,6,1,8,6,1,5,0,10,9,1),(312,39,87,'g2',2,6,NULL,5,3,1,2,0,5,4,1),(313,39,88,'f1',1,2,6,8,4,2,2,0,9,7,2),(314,39,88,'g3',1,2,NULL,7,3,2,1,0,8,6,2),(315,39,89,'f1',3,9,9,2,3,0,2,1,3,4,-1),(316,39,89,'g2',3,9,NULL,2,3,0,2,1,3,4,-1),(317,39,90,'f1',1,3,5,7,4,2,1,1,8,7,1),(318,39,90,'g2',1,3,NULL,6,3,2,0,1,6,5,1),(319,39,91,'f1',4,12,12,1,3,0,1,2,2,7,-5),(320,39,91,'g3',4,12,NULL,1,3,0,1,2,2,7,-5),(321,41,45,'f1',4,8,8,1,3,0,1,2,4,7,-3),(322,41,45,'g2',4,8,NULL,1,3,0,1,2,4,7,-3),(323,41,59,'f1',4,7,7,3,3,1,0,2,2,7,-5),(324,41,59,'g1',4,7,NULL,3,3,1,0,2,2,7,-5),(325,41,60,'f1',1,1,4,10,5,3,1,1,9,9,0),(326,41,60,'g2',1,1,NULL,9,3,3,0,0,7,3,4),(327,41,61,'f1',2,3,3,8,5,2,2,1,8,6,2),(328,41,61,'g1',2,3,NULL,6,3,2,0,1,6,4,2),(329,41,79,'f1',2,4,1,10,5,3,1,1,13,7,6),(330,41,79,'g2',2,4,NULL,4,3,1,1,1,6,5,1),(331,41,85,'f1',1,2,2,7,5,2,1,2,8,6,2),(332,41,85,'g1',1,2,NULL,6,3,2,0,1,6,3,3),(333,41,86,'f1',3,6,6,3,3,1,0,2,4,6,-2),(334,41,86,'g2',3,6,NULL,3,3,1,0,2,4,6,-2),(335,41,87,'f1',3,5,5,3,3,1,0,2,3,3,0),(336,41,87,'g1',3,5,NULL,3,3,1,0,2,3,3,0),(337,42,49,'f1',1,1,3,13,6,4,1,1,12,7,5),(338,42,49,'g2',1,1,NULL,7,3,2,1,0,4,1,3),(339,42,50,'f1',3,7,4,9,6,3,0,3,12,12,0),(340,42,50,'g3',3,7,NULL,6,3,2,0,1,7,6,1),(341,42,51,'f1',1,3,1,14,6,4,2,0,11,7,4),(342,42,51,'g1',1,3,NULL,5,3,1,2,0,5,4,1),(343,42,52,'f1',3,9,9,3,3,0,3,0,3,3,0),(344,42,52,'g1',3,9,NULL,3,3,0,3,0,3,3,0),(345,42,53,'f1',2,5,6,5,4,1,2,1,5,5,0),(346,42,53,'g2',2,5,NULL,5,3,1,2,0,5,4,1),(347,42,56,'f1',4,12,12,0,3,0,0,3,5,10,-5),(348,42,56,'g3',4,12,NULL,0,3,0,0,3,5,10,-5),(349,42,65,'f1',2,4,2,12,6,4,0,2,11,6,5),(350,42,65,'g3',2,4,NULL,6,3,2,0,1,5,3,2),(351,42,68,'f1',4,11,11,1,3,0,1,2,3,6,-3),(352,42,68,'g2',4,11,NULL,1,3,0,1,2,3,6,-3),(353,42,93,'f1',2,6,5,4,4,1,1,2,5,5,0),(354,42,93,'g1',2,6,NULL,4,3,1,1,1,4,3,1),(355,42,94,'f1',1,2,8,6,4,2,0,2,6,7,-1),(356,42,94,'g3',1,2,NULL,6,3,2,0,1,6,4,2),(357,42,95,'f1',4,10,10,2,3,0,2,1,3,5,-2),(358,42,95,'g1',4,10,NULL,2,3,0,2,1,3,5,-2),(359,42,96,'f1',3,8,7,3,4,1,0,3,3,6,-3),(360,42,96,'g2',3,8,NULL,3,3,1,0,2,2,3,-1),(361,43,36,'f1',1,2,6,7,4,2,1,1,10,5,5),(362,43,36,'g2',1,2,NULL,7,3,2,1,0,9,3,6),(363,43,37,'f1',4,13,13,3,3,1,0,2,3,5,-2),(364,43,37,'g1',4,13,NULL,3,3,1,0,2,3,5,-2),(365,43,38,'f1',4,16,16,1,3,0,1,2,1,5,-4),(366,43,38,'g3',4,16,NULL,1,3,0,1,2,1,5,-4),(367,43,39,'f1',1,4,8,5,4,1,2,1,8,10,-2),(368,43,39,'g1',1,4,NULL,5,3,1,2,0,8,7,1),(369,43,40,'f1',4,14,14,2,3,0,2,1,5,8,-3),(370,43,40,'g2',4,14,NULL,2,3,0,2,1,5,8,-3),(371,43,41,'f1',4,15,15,1,3,0,1,2,4,7,-3),(372,43,41,'g4',4,15,NULL,1,3,0,1,2,4,7,-3),(373,43,42,'f1',2,6,4,7,6,2,1,3,9,9,0),(374,43,42,'g1',2,6,NULL,4,3,1,1,1,5,4,1),(375,43,44,'f1',3,11,11,3,3,1,0,2,5,6,-1),(376,43,44,'g4',3,11,NULL,3,3,1,0,2,5,6,-1),(377,43,45,'f1',3,10,10,4,3,1,1,1,4,5,-1),(378,43,45,'g3',3,10,NULL,4,3,1,1,1,4,5,-1),(379,43,46,'f1',2,7,2,10,6,3,1,2,8,6,2),(380,43,46,'g4',2,7,NULL,4,3,1,1,1,3,3,0),(381,43,47,'f1',2,8,3,11,6,3,2,1,9,9,0),(382,43,47,'g2',2,8,NULL,4,3,1,1,1,4,6,-2),(383,43,73,'f1',2,5,1,12,6,3,3,0,8,3,5),(384,43,73,'g3',2,5,NULL,5,3,1,2,0,2,1,1),(385,43,74,'f1',3,12,12,2,3,0,2,1,5,6,-1),(386,43,74,'g2',3,12,NULL,2,3,0,2,1,5,6,-1),(387,43,91,'f1',1,3,7,6,4,2,0,2,7,5,2),(388,43,91,'g3',1,3,NULL,6,3,2,0,1,6,2,4),(389,43,92,'f1',1,1,5,9,4,3,0,1,9,6,3),(390,43,92,'g4',1,1,NULL,9,3,3,0,0,8,4,4),(391,43,110,'f1',3,9,9,4,3,1,1,1,4,4,0),(392,43,110,'g1',3,9,NULL,4,3,1,1,1,4,4,0),(393,48,57,'f1',4,12,12,0,3,0,0,3,3,6,-3),(394,48,57,'g1',4,12,NULL,0,3,0,0,3,3,6,-3),(395,48,58,'f1',1,3,6,5,4,1,2,1,7,5,2),(396,48,58,'g3',1,3,NULL,5,3,1,2,0,6,3,3),(397,48,59,'f1',1,1,8,7,4,2,1,1,7,4,3),(398,48,59,'g2',1,1,NULL,7,3,2,1,0,7,1,6),(399,48,60,'f1',4,10,10,2,3,0,2,1,2,4,-2),(400,48,60,'g3',4,10,NULL,2,3,0,2,1,2,4,-2),(401,48,61,'f1',2,5,1,13,6,4,1,1,9,5,4),(402,48,61,'g2',2,5,NULL,4,3,1,1,1,2,2,0),(403,48,63,'f1',2,6,3,8,6,2,2,2,9,10,-1),(404,48,63,'g3',2,6,NULL,4,3,1,1,1,4,5,-1),(405,48,64,'f1',3,9,9,3,3,0,3,0,3,3,0),(406,48,64,'g3',3,9,NULL,3,3,0,3,0,3,3,0),(407,48,79,'f1',3,7,5,7,4,2,1,1,4,4,0),(408,48,79,'g1',3,7,NULL,6,3,2,0,1,4,4,0),(409,48,80,'f1',3,8,4,8,6,2,2,2,10,11,-1),(410,48,80,'g2',3,8,NULL,4,3,1,1,1,4,6,-2),(411,48,81,'f1',1,2,2,10,6,3,1,2,8,6,2),(412,48,81,'g1',1,2,NULL,6,3,2,0,1,4,2,2),(413,48,82,'f1',4,11,11,1,3,0,1,2,1,5,-4),(414,48,82,'g2',4,11,NULL,1,3,0,1,2,1,5,-4),(415,48,83,'f1',2,4,7,6,4,2,0,2,6,6,0),(416,48,83,'g1',2,4,NULL,6,3,2,0,1,6,5,1),(417,49,42,'f1',2,6,7,5,4,1,2,1,2,1,1),(418,49,42,'g2',2,6,NULL,4,3,1,1,1,2,1,1),(419,49,46,'f1',4,10,10,2,3,0,2,1,1,2,-1),(420,49,46,'g2',4,10,NULL,2,3,0,2,1,1,2,-1),(421,49,47,'f1',1,3,2,9,6,2,3,1,12,8,4),(422,49,47,'g1',1,3,NULL,5,3,1,2,0,8,5,3),(423,49,48,'f1',2,5,3,12,6,3,3,0,11,8,3),(424,49,48,'g1',2,5,NULL,5,3,1,2,0,6,5,1),(425,49,73,'f1',3,8,5,4,4,1,1,2,4,6,-2),(426,49,73,'g2',3,8,NULL,3,3,1,0,2,2,4,-2),(427,49,85,'f1',3,7,4,5,6,1,2,3,7,12,-5),(428,49,85,'g1',3,7,NULL,4,3,1,1,1,5,7,-2),(429,49,86,'f1',3,9,9,2,3,0,2,1,2,5,-3),(430,49,86,'g3',3,9,NULL,2,3,0,2,1,2,5,-3),(431,49,87,'f1',2,4,8,5,4,1,2,1,6,5,1),(432,49,87,'g3',2,4,NULL,5,3,1,2,0,5,3,2),(433,49,88,'f1',1,2,6,8,4,2,2,0,5,3,2),(434,49,88,'g2',1,2,NULL,7,3,2,1,0,4,2,2),(435,49,89,'f1',4,12,12,1,3,0,1,2,1,4,-3),(436,49,89,'g3',4,12,NULL,1,3,0,1,2,1,4,-3),(437,49,90,'f1',4,11,11,1,3,0,1,2,6,8,-2),(438,49,90,'g1',4,11,NULL,1,3,0,1,2,6,8,-2),(439,49,109,'f1',1,1,1,12,6,3,3,0,12,7,5),(440,49,109,'g3',1,1,NULL,7,3,2,1,0,6,2,4),(441,50,47,'f1',2,4,1,10,5,3,1,1,11,7,4),(442,50,47,'g1',2,4,NULL,4,3,1,1,1,6,6,0),(443,50,48,'f1',1,1,4,7,5,2,1,2,11,13,-2),(444,50,48,'g1',1,1,NULL,7,3,2,1,0,9,7,2),(445,50,61,'f1',4,7,7,3,3,1,0,2,7,8,-1),(446,50,61,'g1',4,7,NULL,3,3,1,0,2,7,8,-1),(447,50,63,'f1',3,5,5,4,3,1,1,1,3,3,0),(448,50,63,'g2',3,5,NULL,4,3,1,1,1,3,3,0),(449,50,79,'f1',3,6,6,3,3,1,0,2,9,10,-1),(450,50,79,'g1',3,6,NULL,3,3,1,0,2,9,10,-1),(451,50,81,'f1',2,3,3,7,5,2,1,2,8,13,-5),(452,50,81,'g2',2,3,NULL,4,3,1,1,1,5,4,1),(453,50,85,'f1',1,2,2,8,5,2,2,1,15,8,7),(454,50,85,'g2',1,2,NULL,5,3,1,2,0,7,6,1),(455,50,109,'f1',4,8,8,2,3,0,2,1,5,7,-2),(456,50,109,'g2',4,8,NULL,2,3,0,2,1,5,7,-2),(457,51,49,'f1',2,4,4,10,6,3,1,2,8,8,0),(458,51,49,'g1',2,4,NULL,6,3,2,0,1,4,2,2),(459,51,50,'f1',1,3,1,12,6,3,3,0,14,8,6),(460,51,50,'g1',1,3,NULL,7,3,2,1,0,7,5,2),(461,51,51,'f1',2,6,5,5,4,1,2,1,8,6,2),(462,51,51,'g2',2,6,NULL,4,3,1,1,1,7,5,2),(463,51,52,'f1',3,8,2,8,6,2,2,2,11,10,1),(464,51,52,'g3',3,8,NULL,4,3,1,1,1,4,3,1),(465,51,53,'f1',4,12,12,0,3,0,0,3,2,8,-6),(466,51,53,'g3',4,12,NULL,0,3,0,0,3,2,8,-6),(467,51,56,'f1',4,11,11,0,3,0,0,3,2,7,-5),(468,51,56,'g1',4,11,NULL,0,3,0,0,3,2,7,-5),(469,51,65,'f1',1,2,7,7,4,2,1,1,7,7,0),(470,51,65,'g2',1,2,NULL,7,3,2,1,0,7,5,2),(471,51,68,'f1',2,5,6,6,4,2,0,2,3,6,-3),(472,51,68,'g3',2,5,NULL,6,3,2,0,1,3,5,-2),(473,51,93,'f1',3,9,9,4,3,1,1,1,3,3,0),(474,51,93,'g2',3,9,NULL,4,3,1,1,1,3,3,0),(475,51,94,'f1',1,1,8,7,4,2,1,1,8,5,3),(476,51,94,'g3',1,1,NULL,7,3,2,1,0,8,1,7),(477,51,95,'f1',4,10,10,1,3,0,1,2,1,5,-4),(478,51,95,'g2',4,10,NULL,1,3,0,1,2,1,5,-4),(479,51,96,'f1',3,7,3,11,6,3,2,1,11,5,6),(480,51,96,'g1',3,7,NULL,4,3,1,1,1,4,3,1),(481,52,36,'f1',1,3,2,12,6,4,0,2,18,14,4),(482,52,36,'g1',1,3,NULL,6,3,2,0,1,8,5,3),(483,52,37,'f1',1,4,5,6,4,2,0,2,13,12,1),(484,52,37,'g5',1,4,NULL,6,3,2,0,1,12,10,2),(485,52,38,'f1',2,7,4,10,6,3,1,2,16,10,6),(486,52,38,'g1',2,7,NULL,6,3,2,0,1,7,4,3),(487,52,39,'f1',4,18,18,1,3,0,1,2,4,10,-6),(488,52,39,'g1',4,18,NULL,1,3,0,1,2,4,10,-6),(489,52,40,'f1',4,16,16,3,3,1,0,2,4,6,-2),(490,52,40,'g4',4,16,NULL,3,3,1,0,2,4,6,-2),(491,52,41,'f1',2,6,7,7,4,2,1,1,11,8,3),(492,52,41,'g2',2,6,NULL,7,3,2,1,0,9,4,5),(493,52,42,'f1',3,13,13,3,3,1,0,2,4,4,0),(494,52,42,'g4',3,13,NULL,3,3,1,0,2,4,4,0),(495,52,43,'f1',3,14,14,3,3,1,0,2,3,4,-1),(496,52,43,'g3',3,14,NULL,3,3,1,0,2,3,4,-1),(497,52,44,'f1',1,2,8,7,4,2,1,1,7,5,2),(498,52,44,'g2',1,2,NULL,7,3,2,1,0,7,1,6),(499,52,45,'f1',1,5,3,10,6,3,1,2,10,10,0),(500,52,45,'g4',1,5,NULL,6,3,2,0,1,5,4,1),(501,52,46,'f1',4,20,20,0,3,0,0,3,2,9,-7),(502,52,46,'g2',4,20,NULL,0,3,0,0,3,2,9,-7),(503,52,47,'f1',2,8,6,6,4,2,0,2,11,10,1),(504,52,47,'g5',2,8,NULL,6,3,2,0,1,10,8,2),(505,52,73,'f1',3,12,12,4,3,1,1,1,6,6,0),(506,52,73,'g1',3,12,NULL,4,3,1,1,1,6,6,0),(507,52,74,'f1',2,10,10,4,3,1,1,1,5,5,0),(508,52,74,'g3',2,10,NULL,4,3,1,1,1,5,5,0),(509,52,91,'f1',4,19,19,0,3,0,0,3,3,9,-6),(510,52,91,'g5',4,19,NULL,0,3,0,0,3,3,9,-6),(511,52,92,'f1',1,1,1,18,6,6,0,0,15,6,9),(512,52,92,'g3',1,1,NULL,9,3,3,0,0,6,2,4),(513,52,110,'f1',4,17,17,1,3,0,1,2,2,5,-3),(514,52,110,'g3',4,17,NULL,1,3,0,1,2,2,5,-3),(515,52,113,'f1',3,15,15,3,3,1,0,2,4,8,-4),(516,52,113,'g2',3,15,NULL,3,3,1,0,2,4,8,-4),(517,52,114,'f1',2,9,9,6,3,2,0,1,4,3,1),(518,52,114,'g4',2,9,NULL,6,3,2,0,1,4,3,1),(519,52,115,'f1',3,11,11,6,3,2,0,1,9,7,2),(520,52,115,'g5',3,11,NULL,6,3,2,0,1,9,7,2),(521,53,57,'f1',2,7,2,13,6,4,1,1,14,7,7),(522,53,57,'g4',2,7,NULL,6,3,2,0,1,5,4,1),(523,53,58,'f1',3,9,9,6,3,2,0,1,8,7,1),(524,53,58,'g1',3,9,NULL,6,3,2,0,1,8,7,1),(525,53,59,'f1',1,3,3,12,6,4,0,2,15,13,2),(526,53,59,'g1',1,3,NULL,6,3,2,0,1,9,6,3),(527,53,60,'f1',3,10,10,4,3,1,1,1,6,5,1),(528,53,60,'g4',3,10,NULL,4,3,1,1,1,6,5,1),(529,53,61,'f1',3,11,11,3,3,1,0,2,3,4,-1),(530,53,61,'g2',3,11,NULL,3,3,1,0,2,3,4,-1),(531,53,63,'f1',1,1,1,14,6,4,2,0,17,8,9),(532,53,63,'g2',1,1,NULL,9,3,3,0,0,7,3,4),(533,53,64,'f1',1,4,4,9,6,3,0,3,10,12,-2),(534,53,64,'g4',1,4,NULL,6,3,2,0,1,5,3,2),(535,53,71,'f1',4,15,15,0,3,0,0,3,3,6,-3),(536,53,71,'g2',4,15,NULL,0,3,0,0,3,3,6,-3),(537,53,79,'f1',1,2,8,7,4,2,1,1,9,9,0),(538,53,79,'g3',1,2,NULL,7,3,2,1,0,8,5,3),(539,53,80,'f1',4,13,13,1,3,0,1,2,4,8,-4),(540,53,80,'g4',4,13,NULL,1,3,0,1,2,4,8,-4),(541,53,81,'f1',2,5,7,6,4,2,0,2,9,8,1),(542,53,81,'g3',2,5,NULL,6,3,2,0,1,8,5,3),(543,53,82,'f1',3,12,12,2,3,0,2,1,7,9,-2),(544,53,82,'g3',3,12,NULL,2,3,0,2,1,7,9,-2),(545,53,83,'f1',2,8,5,7,4,2,1,1,6,6,0),(546,53,83,'g2',2,8,NULL,6,3,2,0,1,4,4,0),(547,53,119,'f1',2,6,6,6,4,2,0,2,11,10,1),(548,53,119,'g1',2,6,NULL,6,3,2,0,1,8,6,2),(549,53,120,'f1',4,14,14,1,3,0,1,2,2,6,-4),(550,53,120,'g3',4,14,NULL,1,3,0,1,2,2,6,-4),(551,53,121,'f1',4,16,16,0,3,0,0,3,3,9,-6),(552,53,121,'g1',4,16,NULL,0,3,0,0,3,3,9,-6),(553,54,36,'f1',1,2,8,7,4,2,1,1,12,13,-1),(554,54,36,'g1',1,2,NULL,7,3,2,1,0,10,6,4),(555,54,38,'f1',2,5,4,9,6,3,0,3,14,17,-3),(556,54,38,'g4',2,5,NULL,6,3,2,0,1,7,6,1),(557,54,45,'f1',4,15,15,1,3,0,1,2,5,9,-4),(558,54,45,'g1',4,15,NULL,1,3,0,1,2,5,9,-4),(559,54,48,'f1',1,3,1,14,6,4,2,0,11,5,6),(560,54,48,'g3',1,3,NULL,7,3,2,1,0,6,2,4),(561,54,84,'f1',2,7,3,10,6,3,1,2,18,8,10),(562,54,84,'g2',2,7,NULL,4,3,1,1,1,5,3,2),(563,54,85,'f1',1,1,2,16,6,5,1,0,20,10,10),(564,54,85,'g2',1,1,NULL,9,3,3,0,0,12,5,7),(565,54,86,'f1',3,10,10,3,3,1,0,2,5,6,-1),(566,54,86,'g3',3,10,NULL,3,3,1,0,2,5,6,-1),(567,54,87,'f1',4,16,16,1,3,0,1,2,4,10,-6),(568,54,87,'g2',4,16,NULL,1,3,0,1,2,4,10,-6),(569,54,88,'f1',3,9,9,3,3,1,0,2,5,6,-1),(570,54,88,'g4',3,9,NULL,3,3,1,0,2,5,6,-1),(571,54,89,'f1',3,12,12,3,3,1,0,2,5,8,-3),(572,54,89,'g2',3,12,NULL,3,3,1,0,2,5,8,-3),(573,54,90,'f1',3,11,11,3,3,1,0,2,6,8,-2),(574,54,90,'g1',3,11,NULL,3,3,1,0,2,6,8,-2),(575,54,92,'f1',4,13,13,3,3,1,0,2,8,10,-2),(576,54,92,'g4',4,13,NULL,3,3,1,0,2,8,10,-2),(577,54,109,'f1',2,8,5,4,4,1,1,2,5,7,-2),(578,54,109,'g3',2,8,NULL,4,3,1,1,1,3,4,-1),(579,54,116,'f1',1,4,7,6,4,2,0,2,14,14,0),(580,54,116,'g4',1,4,NULL,6,3,2,0,1,12,10,2),(581,54,117,'f1',2,6,6,5,4,1,2,1,9,8,1),(582,54,117,'g1',2,6,NULL,5,3,1,2,0,8,6,2),(583,54,118,'f1',4,14,14,3,3,1,0,2,4,6,-2),(584,54,118,'g3',4,14,NULL,3,3,1,0,2,4,6,-2),(585,55,47,'f1',1,1,4,9,5,3,0,2,10,10,0),(586,55,47,'g1',1,1,NULL,9,3,3,0,0,8,4,4),(587,55,48,'f1',3,5,5,4,3,1,1,1,4,4,0),(588,55,48,'g2',3,5,NULL,4,3,1,1,1,4,4,0),(589,55,57,'f1',3,6,6,1,3,0,1,2,4,6,-2),(590,55,57,'g1',3,6,NULL,1,3,0,1,2,4,6,-2),(591,55,59,'f1',4,7,7,3,3,1,0,2,2,7,-5),(592,55,59,'g2',4,7,NULL,3,3,1,0,2,2,7,-5),(593,55,63,'f1',2,3,3,9,5,3,0,2,10,8,2),(594,55,63,'g1',2,3,NULL,6,3,2,0,1,6,5,1),(595,55,64,'f1',2,4,2,8,5,2,2,1,8,6,2),(596,55,64,'g2',2,4,NULL,4,3,1,1,1,4,4,0),(597,55,84,'f1',4,8,8,1,3,0,1,2,1,4,-3),(598,55,84,'g1',4,8,NULL,1,3,0,1,2,1,4,-3),(599,55,85,'f1',1,2,1,9,5,2,3,0,11,5,6),(600,55,85,'g2',1,2,NULL,5,3,1,2,0,8,3,5),(601,56,49,'f1',3,11,11,6,3,2,0,1,7,6,1),(602,56,49,'g1',3,11,NULL,6,3,2,0,1,7,6,1),(603,56,50,'f1',1,2,3,12,6,3,3,0,9,4,5),(604,56,50,'g3',1,2,NULL,7,3,2,1,0,5,1,4),(605,56,51,'f1',4,20,20,0,3,0,0,3,4,12,-8),(606,56,51,'g1',4,20,NULL,0,3,0,0,3,4,12,-8),(607,56,52,'f1',3,12,12,4,3,1,1,1,1,1,0),(608,56,52,'g4',3,12,NULL,4,3,1,1,1,1,1,0),(609,56,53,'f1',1,3,2,11,6,3,2,1,11,9,2),(610,56,53,'g2',1,3,NULL,7,3,2,1,0,6,4,2),(611,56,56,'f1',3,13,13,3,3,1,0,2,6,5,1),(612,56,56,'g3',3,13,NULL,3,3,1,0,2,6,5,1),(613,56,65,'f1',2,10,10,3,3,1,0,2,5,5,0),(614,56,65,'g5',2,10,NULL,3,3,1,0,2,5,5,0),(615,56,68,'f1',2,7,5,6,4,1,3,0,3,2,1),(616,56,68,'g3',2,7,NULL,5,3,1,2,0,3,2,1),(617,56,93,'f1',2,9,9,4,3,1,1,1,4,3,1),(618,56,93,'g4',2,9,NULL,4,3,1,1,1,4,3,1),(619,56,94,'f1',1,4,8,6,4,2,0,2,8,5,3),(620,56,94,'g1',1,4,NULL,6,3,2,0,1,8,4,4),(621,56,95,'f1',4,18,18,2,3,0,2,1,2,4,-2),(622,56,95,'g2',4,18,NULL,2,3,0,2,1,2,4,-2),(623,56,96,'f1',3,14,14,3,3,1,0,2,4,5,-1),(624,56,96,'g2',3,14,NULL,3,3,1,0,2,4,5,-1),(625,56,138,'f1',1,5,4,10,6,3,1,2,8,5,3),(626,56,138,'g4',1,5,NULL,6,3,2,0,1,4,1,3),(627,56,139,'f1',4,16,16,3,3,1,0,2,4,7,-3),(628,56,139,'g5',4,16,NULL,3,3,1,0,2,4,7,-3),(629,56,140,'f1',2,6,6,6,4,2,0,2,7,5,2),(630,56,140,'g1',2,6,NULL,6,3,2,0,1,6,3,3),(631,56,141,'f1',4,19,19,1,3,0,1,2,3,9,-6),(632,56,141,'g3',4,19,NULL,1,3,0,1,2,3,9,-6),(633,56,142,'f1',1,1,1,16,6,5,1,0,13,5,8),(634,56,142,'g5',1,1,NULL,9,3,3,0,0,7,1,6),(635,56,143,'f1',2,8,7,4,4,1,1,2,5,5,0),(636,56,143,'g2',2,8,NULL,4,3,1,1,1,4,3,1),(637,56,144,'f1',3,15,15,3,3,1,0,2,4,7,-3),(638,56,144,'g5',3,15,NULL,3,3,1,0,2,4,7,-3),(639,56,145,'f1',4,17,17,3,3,1,0,2,1,5,-4),(640,56,145,'g4',4,17,NULL,3,3,1,0,2,1,5,-4),(641,57,36,'f1',1,1,13,10,4,3,1,0,11,3,8),(642,57,36,'g4',1,1,NULL,9,3,3,0,0,10,2,8),(643,57,37,'f1',1,3,1,17,7,5,2,0,18,11,7),(644,57,37,'g3',1,3,NULL,7,3,2,1,0,9,5,4),(645,57,38,'f1',1,6,7,8,5,2,2,1,16,7,9),(646,57,38,'g6',1,6,NULL,5,3,1,2,0,8,3,5),(647,57,39,'f1',4,19,19,3,3,1,0,2,3,5,-2),(648,57,39,'g1',4,19,NULL,3,3,1,0,2,3,5,-2),(649,57,40,'f1',1,4,9,8,4,2,2,0,11,7,4),(650,57,40,'g5',1,4,NULL,7,3,2,1,0,8,4,4),(651,57,41,'f1',4,23,23,1,3,0,1,2,4,10,-6),(652,57,41,'g2',4,23,NULL,1,3,0,1,2,4,10,-6),(653,57,42,'f1',2,12,8,6,5,1,3,1,11,11,0),(654,57,42,'g6',2,12,NULL,3,3,0,3,0,8,8,0),(655,57,43,'f1',3,15,12,4,4,1,1,2,7,9,-2),(656,57,43,'g1',3,15,NULL,3,3,1,0,2,5,7,-2),(657,57,44,'f1',3,14,15,3,4,1,0,3,7,9,-2),(658,57,44,'g3',3,14,NULL,3,3,1,0,2,6,7,-1),(659,57,45,'f1',2,8,5,8,5,2,2,1,11,6,5),(660,57,45,'g5',2,8,NULL,6,3,2,0,1,8,3,5),(661,57,46,'f1',3,18,18,1,3,0,1,2,2,4,-2),(662,57,46,'g2',3,18,NULL,1,3,0,1,2,2,4,-2),(663,57,47,'f1',1,2,3,14,7,4,2,1,18,11,7),(664,57,47,'g2',1,2,NULL,7,3,2,1,0,8,3,5),(665,57,73,'f1',4,20,20,2,3,0,2,1,3,6,-3),(666,57,73,'g3',4,20,NULL,2,3,0,2,1,3,6,-3),(667,57,74,'f1',1,5,14,6,4,2,0,2,10,7,3),(668,57,74,'g1',1,5,NULL,6,3,2,0,1,9,5,4),(669,57,91,'f1',2,7,10,8,4,2,2,0,8,5,3),(670,57,91,'g2',2,7,NULL,7,3,2,1,0,6,3,3),(671,57,92,'f1',3,17,17,3,3,0,3,0,5,5,0),(672,57,92,'g6',3,17,NULL,3,3,0,3,0,5,5,0),(673,57,110,'f1',2,10,6,5,5,1,2,2,11,9,2),(674,57,110,'g4',2,10,NULL,4,3,1,1,1,6,3,3),(675,57,113,'f1',3,16,4,6,7,1,3,3,6,14,-8),(676,57,113,'g5',3,16,NULL,3,3,1,0,2,2,8,-6),(677,57,114,'f1',4,22,22,1,3,0,1,2,2,5,-3),(678,57,114,'g5',4,22,NULL,1,3,0,1,2,2,5,-3),(679,57,115,'f1',4,21,21,2,3,0,2,1,4,9,-5),(680,57,115,'g6',4,21,NULL,2,3,0,2,1,4,9,-5),(681,57,124,'f1',2,9,11,7,4,2,1,1,7,7,0),(682,57,124,'g1',2,9,NULL,6,3,2,0,1,5,5,0),(683,57,125,'f1',4,24,24,0,3,0,0,3,0,12,-12),(684,57,125,'g4',4,24,NULL,0,3,0,0,3,0,12,-12),(685,57,126,'f1',3,13,2,10,7,2,4,1,13,11,2),(686,57,126,'g4',3,13,NULL,4,3,1,1,1,5,4,1),(687,57,127,'f1',2,11,16,4,4,1,1,2,4,9,-5),(688,57,127,'g3',2,11,NULL,4,3,1,1,1,3,3,0),(689,58,37,'f1',1,1,2,15,6,5,0,1,18,10,8),(690,58,37,'g1',1,1,NULL,9,3,3,0,0,10,5,5),(691,58,47,'f1',3,11,11,4,3,1,1,1,6,4,2),(692,58,47,'g5',3,11,NULL,4,3,1,1,1,6,4,2),(693,58,48,'f1',2,10,10,4,3,1,1,1,3,3,0),(694,58,48,'g3',2,10,NULL,4,3,1,1,1,3,3,0),(695,58,84,'f1',1,2,5,7,4,2,1,1,9,6,3),(696,58,84,'g5',1,2,NULL,7,3,2,1,0,7,3,4),(697,58,85,'f1',2,6,6,6,4,2,0,2,9,8,1),(698,58,85,'g2',2,6,NULL,6,3,2,0,1,8,6,2),(699,58,86,'f1',2,9,9,4,3,1,1,1,5,4,1),(700,58,86,'g1',2,9,NULL,4,3,1,1,1,5,4,1),(701,58,87,'f1',4,18,18,1,3,0,1,2,2,4,-2),(702,58,87,'g2',4,18,NULL,1,3,0,1,2,2,4,-2),(703,58,88,'f1',3,14,14,3,3,1,0,2,3,4,-1),(704,58,88,'g4',3,14,NULL,3,3,1,0,2,3,4,-1),(705,58,89,'f1',3,12,12,4,3,1,1,1,2,2,0),(706,58,89,'g3',3,12,NULL,4,3,1,1,1,2,2,0),(707,58,90,'f1',4,17,17,3,3,1,0,2,3,5,-2),(708,58,90,'g4',4,17,NULL,3,3,1,0,2,3,5,-2),(709,58,109,'f1',4,20,20,0,3,0,0,3,0,7,-7),(710,58,109,'g5',4,20,NULL,0,3,0,0,3,0,7,-7),(711,58,113,'f1',1,5,4,7,6,2,1,3,10,8,2),(712,58,113,'g3',1,5,NULL,4,3,1,1,1,3,3,0),(713,58,116,'f1',3,13,13,4,3,1,1,1,6,7,-1),(714,58,116,'g1',3,13,NULL,4,3,1,1,1,6,7,-1),(715,58,117,'f1',2,8,7,6,4,2,0,2,4,6,-2),(716,58,117,'g4',2,8,NULL,6,3,2,0,1,3,2,1),(717,58,118,'f1',2,7,3,12,6,4,0,2,10,7,3),(718,58,118,'g5',2,7,NULL,6,3,2,0,1,4,3,1),(719,58,126,'f1',4,16,16,4,3,1,1,1,2,2,0),(720,58,126,'g3',4,16,NULL,4,3,1,1,1,2,2,0),(721,58,128,'f1',3,15,15,2,3,0,2,1,5,7,-2),(722,58,128,'g2',3,15,NULL,2,3,0,2,1,5,7,-2),(723,58,129,'f1',1,4,8,6,4,2,0,2,4,8,-4),(724,58,129,'g4',1,4,NULL,6,3,2,0,1,4,2,2),(725,58,130,'f1',1,3,1,16,6,5,1,0,15,9,6),(726,58,130,'g2',1,3,NULL,7,3,2,1,0,8,6,2),(727,58,131,'f1',4,19,19,0,3,0,0,3,3,8,-5),(728,58,131,'g1',4,19,NULL,0,3,0,0,3,3,8,-5),(729,59,57,'f1',2,8,10,7,4,2,1,1,9,5,4),(730,59,57,'g3',2,8,NULL,6,3,2,0,1,7,3,4),(731,59,58,'f1',3,15,5,6,5,2,0,3,13,13,0),(732,59,58,'g5',3,15,NULL,3,3,1,0,2,7,8,-1),(733,59,59,'f1',2,9,7,7,5,2,1,2,11,12,-1),(734,59,59,'g1',2,9,NULL,6,3,2,0,1,7,7,0),(735,59,60,'f1',4,19,19,3,3,1,0,2,7,10,-3),(736,59,60,'g6',4,19,NULL,3,3,1,0,2,7,10,-3),(737,59,61,'f1',4,22,22,1,3,0,1,2,3,6,-3),(738,59,61,'g1',4,22,NULL,1,3,0,1,2,3,6,-3),(739,59,63,'f1',1,3,16,7,4,2,1,1,9,10,-1),(740,59,63,'g3',1,3,NULL,7,3,2,1,0,8,5,3),(741,59,64,'f1',3,18,18,2,3,0,2,1,2,3,-1),(742,59,64,'g4',3,18,NULL,2,3,0,2,1,2,3,-1),(743,59,71,'f1',3,14,8,7,5,2,1,2,11,8,3),(744,59,71,'g1',3,14,NULL,4,3,1,1,1,5,5,0),(745,59,79,'f1',2,10,3,14,7,4,2,1,14,10,4),(746,59,79,'g4',2,10,NULL,5,3,1,2,0,2,1,1),(747,59,80,'f1',4,23,23,0,3,0,0,3,0,8,-8),(748,59,80,'g2',4,23,NULL,0,3,0,0,3,0,8,-8),(749,59,81,'f1',3,16,4,10,7,3,1,3,10,9,1),(750,59,81,'g6',3,16,NULL,3,3,1,0,2,4,5,-1),(751,59,82,'f1',3,13,11,4,4,1,1,2,8,6,2),(752,59,82,'g3',3,13,NULL,4,3,1,1,1,8,5,3),(753,59,83,'f1',4,20,20,3,3,1,0,2,6,10,-4),(754,59,83,'g5',4,20,NULL,3,3,1,0,2,6,10,-4),(755,59,119,'f1',2,11,2,14,7,4,2,1,14,8,6),(756,59,119,'g5',2,11,NULL,4,3,1,1,1,6,4,2),(757,59,120,'f1',3,17,17,3,3,1,0,2,2,5,-3),(758,59,120,'g2',3,17,NULL,3,3,1,0,2,2,5,-3),(759,59,121,'f1',4,24,24,0,3,0,0,3,1,11,-10),(760,59,121,'g3',4,24,NULL,0,3,0,0,3,1,11,-10),(761,59,122,'f1',2,7,12,6,4,2,0,2,10,7,3),(762,59,122,'g2',2,7,NULL,6,3,2,0,1,8,3,5),(763,59,123,'f1',1,1,14,9,4,3,0,1,8,4,4),(764,59,123,'g2',1,1,NULL,9,3,3,0,0,8,2,6),(765,59,132,'f1',1,5,9,7,4,2,1,1,10,7,3),(766,59,132,'g1',1,5,NULL,6,3,2,0,1,7,4,3),(767,59,133,'f1',1,2,15,7,4,2,1,1,5,3,2),(768,59,133,'g6',1,2,NULL,7,3,2,1,0,5,1,4),(769,59,134,'f1',1,6,13,5,4,1,2,1,5,6,-1),(770,59,134,'g4',1,6,NULL,5,3,1,2,0,4,3,1),(771,59,135,'f1',2,12,1,10,7,2,4,1,14,13,1),(772,59,135,'g6',2,12,NULL,4,3,1,1,1,7,7,0),(773,59,136,'f1',1,4,6,10,5,3,1,1,11,8,3),(774,59,136,'g5',1,4,NULL,7,3,2,1,0,8,5,3),(775,59,137,'f1',4,21,21,2,3,0,2,1,2,3,-1),(776,59,137,'g4',4,21,NULL,2,3,0,2,1,2,3,-1),(777,60,37,'f1',1,2,2,9,5,3,0,2,14,10,4),(778,60,37,'g1',1,2,NULL,6,3,2,0,1,8,4,4),(779,60,79,'f1',3,6,6,3,3,1,0,2,6,5,1),(780,60,79,'g2',3,6,NULL,3,3,1,0,2,6,5,1),(781,60,81,'f1',2,3,3,8,5,2,2,1,11,8,3),(782,60,81,'g1',2,3,NULL,5,3,1,2,0,5,4,1),(783,60,85,'f1',3,5,5,4,3,1,1,1,5,5,0),(784,60,85,'g1',3,5,NULL,4,3,1,1,1,5,5,0),(785,60,118,'f1',2,4,4,4,5,1,1,3,9,14,-5),(786,60,118,'g2',2,4,NULL,4,3,1,1,1,7,7,0),(787,60,119,'f1',1,1,1,15,5,5,0,0,12,6,6),(788,60,119,'g2',1,1,NULL,9,3,3,0,0,5,2,3),(789,60,130,'f1',4,7,7,1,3,0,1,2,5,9,-4),(790,60,130,'g2',4,7,NULL,1,3,0,1,2,5,9,-4),(791,60,135,'f1',4,8,8,1,3,0,1,2,3,8,-5),(792,60,135,'g1',4,8,NULL,1,3,0,1,2,3,8,-5),(793,61,49,'f1',2,6,3,12,6,4,0,2,13,8,5),(794,61,49,'g2',2,6,NULL,6,3,2,0,1,7,3,4),(795,61,50,'f1',1,1,1,14,6,4,2,0,13,5,8),(796,61,50,'g1',1,1,NULL,9,3,3,0,0,9,2,7),(797,61,51,'f1',1,3,6,7,4,2,1,1,10,7,3),(798,61,51,'g2',1,3,NULL,7,3,2,1,0,8,4,4),(799,61,52,'f1',2,9,9,4,3,1,1,1,3,3,0),(800,61,52,'g1',2,9,NULL,4,3,1,1,1,3,3,0),(801,61,53,'f1',1,4,4,11,6,3,2,1,15,10,5),(802,61,53,'g5',1,4,NULL,7,3,2,1,0,8,4,4),(803,61,56,'f1',3,11,11,3,3,1,0,2,5,4,1),(804,61,56,'g3',3,11,NULL,3,3,1,0,2,5,4,1),(805,61,65,'f1',3,14,14,2,3,0,2,1,3,4,-1),(806,61,65,'g4',3,14,NULL,2,3,0,2,1,3,4,-1),(807,61,68,'f1',1,5,7,7,4,2,1,1,6,4,2),(808,61,68,'g4',1,5,NULL,7,3,2,1,0,5,1,4),(809,61,93,'f1',2,10,10,4,3,1,1,1,5,6,-1),(810,61,93,'g3',2,10,NULL,4,3,1,1,1,5,6,-1),(811,61,94,'f1',2,8,5,5,4,1,2,1,9,7,2),(812,61,94,'g5',2,8,NULL,4,3,1,1,1,9,7,2),(813,61,95,'f1',4,18,18,1,3,0,1,2,4,9,-5),(814,61,95,'g3',4,18,NULL,1,3,0,1,2,4,9,-5),(815,61,96,'f1',2,7,8,5,4,1,2,1,7,7,0),(816,61,96,'g4',2,7,NULL,5,3,1,2,0,7,4,3),(817,61,138,'f1',1,2,2,15,6,5,0,1,14,6,8),(818,61,138,'g3',1,2,NULL,9,3,3,0,0,9,4,5),(819,61,139,'f1',4,16,16,1,3,0,1,2,5,9,-4),(820,61,139,'g2',4,16,NULL,1,3,0,1,2,5,9,-4),(821,61,140,'f1',4,17,17,1,3,0,1,2,2,6,-4),(822,61,140,'g1',4,17,NULL,1,3,0,1,2,2,6,-4),(823,61,141,'f1',3,13,13,3,3,0,3,0,6,6,0),(824,61,141,'g5',3,13,NULL,3,3,0,3,0,6,6,0),(825,61,142,'f1',3,12,12,3,3,1,0,2,4,8,-4),(826,61,142,'g2',3,12,NULL,3,3,1,0,2,4,8,-4),(827,61,143,'f1',4,20,20,1,3,0,1,2,2,8,-6),(828,61,143,'g4',4,20,NULL,1,3,0,1,2,2,8,-6),(829,61,144,'f1',4,19,19,1,3,0,1,2,4,10,-6),(830,61,144,'g5',4,19,NULL,1,3,0,1,2,4,10,-6),(831,61,145,'f1',3,15,15,2,3,0,2,1,1,4,-3),(832,61,145,'g1',3,15,NULL,2,3,0,2,1,1,4,-3),(833,63,36,'f1',3,17,17,3,3,1,0,2,3,7,-4),(834,63,36,'g6',3,17,NULL,3,3,1,0,2,3,7,-4),(835,63,37,'f1',4,20,20,2,3,0,2,1,3,4,-1),(836,63,37,'g6',4,20,NULL,2,3,0,2,1,3,4,-1),(837,63,38,'f1',1,2,15,7,4,2,1,1,11,6,5),(838,63,38,'g6',1,2,NULL,7,3,2,1,0,9,2,7),(839,63,39,'f1',3,14,8,7,5,2,1,2,5,9,-4),(840,63,39,'g2',3,14,NULL,4,3,1,1,1,3,5,-2),(841,63,40,'f1',2,8,6,7,5,1,4,0,7,5,2),(842,63,40,'g1',2,8,NULL,5,3,1,2,0,6,4,2),(843,63,41,'f1',3,18,18,2,3,0,2,1,0,1,-1),(844,63,41,'g5',3,18,NULL,2,3,0,2,1,0,1,-1),(845,63,42,'f1',4,24,24,0,3,0,0,3,0,7,-7),(846,63,42,'g3',4,24,NULL,0,3,0,0,3,0,7,-7),(847,63,43,'f1',2,9,9,6,4,1,3,0,3,2,1),(848,63,43,'g4',2,9,NULL,5,3,1,2,0,3,2,1),(849,63,44,'f1',1,3,13,7,4,2,1,1,9,6,3),(850,63,44,'g3',1,3,NULL,7,3,2,1,0,9,5,4),(851,63,45,'f1',1,1,12,9,4,3,0,1,6,2,4),(852,63,45,'g5',1,1,NULL,9,3,3,0,0,6,1,5),(853,63,46,'f1',4,22,22,1,3,0,1,2,3,8,-5),(854,63,46,'g4',4,22,NULL,1,3,0,1,2,3,8,-5),(855,63,47,'f1',1,5,10,5,4,1,2,1,10,8,2),(856,63,47,'g4',1,5,NULL,5,3,1,2,0,8,5,3),(857,63,73,'f1',4,21,21,1,3,0,1,2,5,7,-2),(858,63,73,'g1',4,21,NULL,1,3,0,1,2,5,7,-2),(859,63,74,'f1',4,23,23,1,3,0,1,2,1,7,-6),(860,63,74,'g5',4,23,NULL,1,3,0,1,2,1,7,-6),(861,63,91,'f1',3,13,14,4,4,1,1,2,4,4,0),(862,63,91,'g4',3,13,NULL,4,3,1,1,1,4,3,1),(863,63,92,'f1',3,16,1,13,7,4,1,2,14,12,2),(864,63,92,'g1',3,16,NULL,3,3,1,0,2,7,9,-2),(865,63,110,'f1',1,6,2,12,7,3,3,1,12,8,4),(866,63,110,'g2',1,6,NULL,5,3,1,2,0,4,3,1),(867,63,113,'f1',2,7,16,7,4,2,1,1,5,5,0),(868,63,113,'g3',2,7,NULL,7,3,2,1,0,5,2,3),(869,63,114,'f1',4,19,19,2,3,0,2,1,3,4,-1),(870,63,114,'g2',4,19,NULL,2,3,0,2,1,3,4,-1),(871,63,115,'f1',2,12,7,7,5,2,1,2,8,12,-4),(872,63,115,'g6',2,12,NULL,4,3,1,1,1,4,6,-2),(873,63,124,'f1',2,11,11,4,4,1,1,2,5,4,1),(874,63,124,'g5',2,11,NULL,4,3,1,1,1,4,2,2),(875,63,125,'f1',3,15,4,9,7,2,3,2,14,12,2),(876,63,125,'g3',3,15,NULL,3,3,1,0,2,5,5,0),(877,63,126,'f1',1,4,3,14,7,4,2,1,16,12,4),(878,63,126,'g1',1,4,NULL,7,3,2,1,0,9,7,2),(879,63,127,'f1',2,10,5,8,5,2,2,1,13,8,5),(880,63,127,'g2',2,10,NULL,4,3,1,1,1,7,5,2),(881,64,40,'f1',1,2,8,12,5,4,0,1,8,4,4),(882,64,40,'g4',1,2,NULL,9,3,3,0,0,7,1,6),(883,64,48,'f1',1,5,9,6,4,2,0,2,10,6,4),(884,64,48,'g2',1,5,NULL,6,3,2,0,1,8,3,5),(885,64,84,'f1',1,6,5,9,5,3,0,2,14,9,5),(886,64,84,'g1',1,6,NULL,6,3,2,0,1,8,5,3),(887,64,85,'f1',1,1,12,9,4,3,0,1,8,3,5),(888,64,85,'g5',1,1,NULL,9,3,3,0,0,8,2,6),(889,64,86,'f1',2,9,4,13,7,4,1,2,15,10,5),(890,64,86,'g6',2,9,NULL,6,3,2,0,1,8,5,3),(891,64,88,'f1',1,3,10,7,4,2,1,1,8,4,4),(892,64,88,'g3',1,3,NULL,7,3,2,1,0,7,2,5),(893,64,89,'f1',4,23,23,0,3,0,0,3,5,9,-4),(894,64,89,'g3',4,23,NULL,0,3,0,0,3,5,9,-4),(895,64,92,'f1',2,11,15,6,4,2,0,2,9,11,-2),(896,64,92,'g1',2,11,NULL,6,3,2,0,1,7,6,1),(897,64,110,'f1',3,16,6,6,5,2,0,3,7,10,-3),(898,64,110,'g6',3,16,NULL,3,3,1,0,2,5,8,-3),(899,64,116,'f1',3,13,7,6,5,2,0,3,11,9,2),(900,64,116,'g1',3,13,NULL,3,3,1,0,2,8,5,3),(901,64,117,'f1',2,10,1,16,7,5,1,1,14,5,9),(902,64,117,'g4',2,10,NULL,6,3,2,0,1,6,4,2),(903,64,118,'f1',2,12,2,13,7,4,1,2,11,10,1),(904,64,118,'g2',2,12,NULL,6,3,2,0,1,3,4,-1),(905,64,125,'f1',4,22,22,1,3,0,1,2,2,8,-6),(906,64,125,'g5',4,22,NULL,1,3,0,1,2,2,8,-6),(907,64,126,'f1',4,20,20,3,3,1,0,2,3,10,-7),(908,64,126,'g1',4,20,NULL,3,3,1,0,2,3,10,-7),(909,64,127,'f1',2,8,14,6,4,2,0,2,7,5,2),(910,64,127,'g5',2,8,NULL,6,3,2,0,1,6,2,4),(911,64,128,'f1',1,4,11,7,4,2,1,1,8,5,3),(912,64,128,'g6',1,4,NULL,7,3,2,1,0,7,3,4),(913,64,129,'f1',3,17,17,3,3,1,0,2,3,8,-5),(914,64,129,'g3',3,17,NULL,3,3,1,0,2,3,8,-5),(915,64,130,'f1',3,15,13,3,4,1,0,3,3,6,-3),(916,64,130,'g4',3,15,NULL,3,3,1,0,2,3,5,-2),(917,64,150,'f1',4,24,24,0,3,0,0,3,1,7,-6),(918,64,150,'g4',4,24,NULL,0,3,0,0,3,1,7,-6),(919,64,151,'f1',4,21,21,1,3,0,1,2,4,8,-4),(920,64,151,'g6',4,21,NULL,1,3,0,1,2,4,8,-4),(921,64,152,'f1',4,19,19,3,3,1,0,2,2,5,-3),(922,64,152,'g2',4,19,NULL,3,3,1,0,2,2,5,-3),(923,64,153,'f1',3,18,18,1,3,0,1,2,5,9,-4),(924,64,153,'g5',3,18,NULL,1,3,0,1,2,5,9,-4),(925,64,155,'f1',3,14,3,13,7,4,1,2,9,7,2),(926,64,155,'g2',3,14,NULL,3,3,1,0,2,3,4,-1),(927,64,156,'f1',2,7,16,7,4,2,1,1,7,6,1),(928,64,156,'g3',2,7,NULL,7,3,2,1,0,7,3,4),(929,65,57,'f1',1,6,12,5,4,1,2,1,8,7,1),(930,65,57,'g1',1,6,NULL,5,3,1,2,0,7,5,2),(931,65,58,'f1',3,18,18,2,3,0,2,1,6,8,-2),(932,65,58,'g5',3,18,NULL,2,3,0,2,1,6,8,-2),(933,65,59,'f1',2,10,3,14,7,4,2,1,16,11,5),(934,65,59,'g3',2,10,NULL,4,3,1,1,1,6,5,1),(935,65,60,'f1',1,1,4,15,7,5,0,2,17,13,4),(936,65,60,'g4',1,1,NULL,9,3,3,0,0,8,3,5),(937,65,63,'f1',4,20,20,2,3,0,2,1,4,5,-1),(938,65,63,'g1',4,20,NULL,2,3,0,2,1,4,5,-1),(939,65,64,'f1',2,9,7,6,5,1,3,1,11,11,0),(940,65,64,'g5',2,9,NULL,5,3,1,2,0,7,5,2),(941,65,71,'f1',4,22,22,2,3,0,2,1,2,5,-3),(942,65,71,'g5',4,22,NULL,2,3,0,2,1,2,5,-3),(943,65,79,'f1',1,2,14,6,4,2,0,2,6,5,1),(944,65,79,'g2',1,2,NULL,6,3,2,0,1,6,3,3),(945,65,81,'f1',1,4,2,14,7,4,2,1,10,5,5),(946,65,81,'g6',1,4,NULL,6,3,2,0,1,2,1,1),(947,65,82,'f1',3,17,17,3,3,0,3,0,6,6,0),(948,65,82,'g1',3,17,NULL,3,3,0,3,0,6,6,0),(949,65,119,'f1',3,15,5,7,5,2,1,2,7,7,0),(950,65,119,'g3',3,15,NULL,4,3,1,1,1,4,5,-1),(951,65,120,'f1',2,8,9,7,4,2,1,1,7,7,0),(952,65,120,'g2',2,8,NULL,6,3,2,0,1,4,4,0),(953,65,122,'f1',4,21,21,2,3,0,2,1,2,3,-1),(954,65,122,'g6',4,21,NULL,2,3,0,2,1,2,3,-1),(955,65,123,'f1',4,19,19,3,3,1,0,2,2,3,-1),(956,65,123,'g3',4,19,NULL,3,3,1,0,2,2,3,-1),(957,65,132,'f1',1,5,8,8,5,2,2,1,10,5,5),(958,65,132,'g5',1,5,NULL,5,3,1,2,0,6,3,3),(959,65,133,'f1',2,11,6,7,5,2,1,2,5,5,0),(960,65,133,'g6',2,11,NULL,4,3,1,1,1,3,3,0),(961,65,134,'f1',4,24,24,0,3,0,0,3,1,5,-4),(962,65,134,'g4',4,24,NULL,0,3,0,0,3,1,5,-4),(963,65,135,'f1',1,3,15,6,4,2,0,2,5,6,-1),(964,65,135,'g3',1,3,NULL,6,3,2,0,1,5,4,1),(965,65,136,'f1',3,14,1,12,7,3,3,1,7,4,3),(966,65,136,'g6',3,14,NULL,4,3,1,1,1,3,3,0),(967,65,137,'f1',2,12,16,4,4,1,1,2,2,7,-5),(968,65,137,'g1',2,12,NULL,4,3,1,1,1,2,3,-1),(969,65,146,'f1',3,13,10,7,4,2,1,1,5,5,0),(970,65,146,'g2',3,13,NULL,6,3,2,0,1,3,3,0),(971,65,147,'f1',4,23,23,0,3,0,0,3,2,5,-3),(972,65,147,'g2',4,23,NULL,0,3,0,0,3,2,5,-3),(973,65,148,'f1',2,7,11,6,4,2,0,2,10,7,3),(974,65,148,'g4',2,7,NULL,6,3,2,0,1,8,4,4),(975,65,149,'f1',3,16,13,3,4,1,0,3,4,10,-6),(976,65,149,'g4',3,16,NULL,3,3,1,0,2,3,8,-5),(977,66,59,'f1',3,6,6,4,3,1,1,1,2,2,0),(978,66,59,'g2',3,6,NULL,4,3,1,1,1,2,2,0),(979,66,81,'f1',2,4,1,10,5,3,1,1,10,4,6),(980,66,81,'g1',2,4,NULL,4,3,1,1,1,5,4,1),(981,66,86,'f1',3,5,5,4,3,1,1,1,3,3,0),(982,66,86,'g1',3,5,NULL,4,3,1,1,1,3,3,0),(983,66,117,'f1',1,1,4,7,5,2,1,2,5,5,0),(984,66,117,'g1',1,1,NULL,7,3,2,1,0,5,3,2),(985,66,118,'f1',4,7,7,1,3,0,1,2,3,6,-3),(986,66,118,'g1',4,7,NULL,1,3,0,1,2,3,6,-3),(987,66,119,'f1',1,2,3,10,5,3,1,1,5,3,2),(988,66,119,'g2',1,2,NULL,7,3,2,1,0,4,2,2),(989,66,136,'f1',2,3,2,8,5,2,2,1,4,5,-1),(990,66,136,'g2',2,3,NULL,5,3,1,2,0,3,1,2),(991,66,155,'f1',4,8,8,0,3,0,0,3,2,6,-4),(992,66,155,'g2',4,8,NULL,0,3,0,0,3,2,6,-4);
/*!40000 ALTER TABLE `STANDINGS` ENABLE KEYS */;
UNLOCK TABLES;

--
-- Table structure for table `TEAM`
--

DROP TABLE IF EXISTS `TEAM`;
/*!40101 SET @saved_cs_client     = @@character_set_client */;
/*!40101 SET character_set_client = utf8 */;
CREATE TABLE `TEAM` (
  `ID` int(10) unsigned NOT NULL AUTO_INCREMENT,
  `NAME` varchar(30) NOT NULL,
  `COD_TYPE` varchar(1) NOT NULL,
  `FULL_NAME` varchar(60) DEFAULT NULL,
  `FOUNDATION` varchar(4) DEFAULT NULL,
  `CITY` varchar(20) DEFAULT NULL,
  `COD_COUNTRY` varchar(3) NOT NULL,
  `LOGO_IMG_FILE` varchar(255) DEFAULT NULL,
  PRIMARY KEY (`ID`),
  KEY `FK_TEAM_COUNTRY` (`COD_COUNTRY`),
  KEY `FK_TEAM_TYPE` (`COD_TYPE`),
  CONSTRAINT `FK_TEAM_COUNTRY` FOREIGN KEY (`COD_COUNTRY`) REFERENCES `COUNTRY` (`CODE`),
  CONSTRAINT `FK_TEAM_TYPE` FOREIGN KEY (`COD_TYPE`) REFERENCES `TEAM_TYPE` (`CODE`)
) ENGINE=InnoDB AUTO_INCREMENT=161 DEFAULT CHARSET=latin1;
/*!40101 SET character_set_client = @saved_cs_client */;

--
-- Dumping data for table `TEAM`
--

LOCK TABLES `TEAM` WRITE;
/*!40000 ALTER TABLE `TEAM` DISABLE KEYS */;
INSERT INTO `TEAM` VALUES (36,'Corinthians','c','Sport Club Corinthians Paulista','1910','São Paulo','BRA','BRA_Corinthians'),(37,'Palmeiras','c','Sociedade Esportiva Palmeiras','1914','São Paulo','BRA','BRA_Palmeiras'),(38,'São Paulo','c','São Paulo Futebol Clube','1935','São Paulo','BRA','BRA_Sao_Paulo'),(39,'Santos','c','Santos Futebol Clube','1912','Santos','BRA','BRA_Santos'),(40,'Flamengo','c','Clube de Regatas Flamengo','1895','Rio de Janeiro','BRA','BRA_Flamengo'),(41,'Fluminense','c','Fluminense Football Club','1902','Rio de Janeiro','BRA','BRA_Fluminense'),(42,'Vasco','c','Clube de Regatas Vasco da Gama','1898','Rio de Janeiro','BRA','BRA_Vasco'),(43,'Botafogo','c','Botafogo de Futebol e Regatas','1904','Niterói','BRA','BRA_Botafogo'),(44,'Coritiba','c','Coritiba Foot Ball Club','1909','Curitiba','BRA','BRA_Coritiba'),(45,'Atlético Paranaense','c','Clube Atlético Paranaense','1924','Curitiba','BRA','BRA_Atletico_Paranaense'),(46,'Guarani','c','Guarani Futebol Clube','1911','Campinas','BRA','BRA_Guarani'),(47,'Portuguesa','c','Associação Portuguesa de Desportos','1920','São Paulo','BRA','BRA_Portuguesa'),(48,'Peñarol','c','Club Atlético Peñarol','1891','Montevidéu','URU','URU_Penarol'),(49,'Brasil','s','Confederação Brasileira de Futebol','1914','Rio de Janeiro','BRA','BRA'),(50,'Itália','s','Federazione Italiana Giuoco Calcio','1898','Roma','ITA','ITA'),(51,'Holanda','s','Koninklijke Nederlandse Voetbalbond','1889','Zeist','HOL','HOL'),(52,'Argentina','s','Asociacón de Fútbol Argentino','1893','Buenos Aires','ARG','ARG'),(53,'Uruguai','s','Asociación Uruguaya de Fútbol','1900','Montevidéu','URU','URU'),(56,'Paraguai','s','Asociación Paraguaya de Fútbol','1906','Assunção','PAR','PAR'),(57,'Inter de Milão','c','Football Club Internazionale Milano','1908','Milão','ITA','ITA_Inter_de_Milao'),(58,'Milan','c','Associazione Calcio Milan','1899','Milão','ITA','ITA_Milan'),(59,'Napoli','c','Società Sportiva Napoli','1925','Napoli','ITA','ITA_Napoli'),(60,'Porto','c','Futebol Clube do Porto','1893','Porto','POR','POR_Porto'),(61,'Sporting Lisboa','c','Sporting Clube de Portugal','1906','Lisboa','POR','POR_Sporting_Lisboa'),(63,'Real Madri','c','Real Madrid Club de Fútbol','1902','Madri','ESP','ESP_Real_Madri'),(64,'Benfica','c','Sport Lisboa e Benfica','1904','Lisboa','POR','POR_Benfica'),(65,'Chile','s','Federación de Fútbol de Chile','1895','Santiago','CHI','CHI'),(68,'Alemanha','s','Deutscher Fussball-Bund','1900','Frankfurt','ALE','ALE'),(71,'Barcelona','c','Fútbol Club Barcelona','1899','Barcelona','ESP','ESP_Barcelona'),(73,'Grêmio','c','Grêmio Foot Ball Porto Alegrense','1903','Porto Alegre','BRA','BRA_Gremio'),(74,'Internacional','c','Sport Club Internacional','1909','Porto Alegre','BRA','BRA_Internacional'),(79,'Manchester United','c','Manchester United Football Club','1878','Manchester','ING','ING_Manchester_United'),(80,'Bayern de Munique','c','Fussball Club Bayern München','1900','Munique','ALE','ALE_Bayern_de_Munique'),(81,'Borussia Dortmund','c','Ballspiel-Verein Borussia 1909 e.V. Dortmund','1909','Dortmund','ALE','ALE_Borussia_Dortmund'),(82,'Ajax','c','Amsterdamsche Football Club Ajax','1900','Amsterdam','HOL','HOL_Ajax'),(83,'Juventus','c','Football Club Juventus','1897','Turim','ITA','ITA_Juventus'),(84,'River Plate','c','Club Atlético River Plate','1901','Buenos Aires','ARG','ARG_River_Plate'),(85,'Boca Juniors','c','Club Atlético Boca Juniors','1905','Buenos Aires','ARG','ARG_Boca_Juniors'),(86,'Independiente','c','Club Atlético Independiente','1905','Avellaneda','ARG','ARG_Independiente'),(87,'Colo Colo','c','Club Social y Deportivo Colo Colo','1925','Santiago','CHI','CHI_Colo_Colo'),(88,'Necaxa','c','Impulsora del Deportivo Necaxa','1923','Cidade do México','MEX','MEX_Necaxa'),(89,'Deportivo Cali','c','Asociación Deportivo Cali','1943','Cali','COL','COL_Deportivo_Cali'),(90,'Cerro Porteño','c','Club Cerro Porteño','1912','Assunção','PAR','PAR_Cerro_Porteno'),(91,'Cruzeiro','c','Cruzeiro Esporte Clube','1921','Belo Horizonte','BRA','BRA_Cruzeiro'),(92,'Atlético Mineiro','c','Clube Atlético Mineiro','1908','Belo Horizonte','BRA','BRA_Atletico_Mineiro'),(93,'Colômbia','s','Federación Colombiana de Fútbol','1924','Bogotá','COL','COL'),(94,'Suécia','s','Svenska Fotboll Förbundet','1904','Solna','SUE','SUE'),(95,'Inglaterra','s','The Football Association','1863','Londres','ING','ING'),(96,'França','s','Fédération Française de Football','1919','Paris','FRA','FRA'),(109,'Sporting Cristal','c','Club Sporting Cristal','1954','Lima','PER','PER_Sporting_Cristal'),(110,'Ponte Preta','c','Associação Atlética Ponte Preta','1900','Campinas','BRA','BRA_Ponte_Preta'),(113,'Bahia','c','Esporte Clube Bahia','1931','Salvador','BRA','BRA_Bahia'),(114,'Goiás','c','Goiás Esporte Clube','1943','Goiânia','BRA','BRA_Goias'),(115,'Sport Recife','c','Sport Clube do Recife','1905','Recife','BRA','BRA_Sport_Recife'),(116,'Olimpia','c','Club Olimpia','1902','Assunção','PAR','PAR_Olimpia'),(117,'Nacional','c','Club Nacional de Football','1899','Montevidéu','URU','URU_Nacional'),(118,'América de Cali','c','Corporación Deportiva América','1927','Cali','COL','COL_America_de_Cali'),(119,'Liverpool','c','Liverpool Football Club','1892','Liverpool','ING','ING_Liverpool'),(120,'Valencia','c','Valencia Club de Fútbol','1919','Valencia','ESP','ESP_Valencia'),(121,'Paris Saint-Germain','c','Paris Saint-Germain','1970','Paris','FRA','FRA_Paris_Saint-Germain'),(122,'Celtic','c','Celtic Football Club','1888','Glasgow','ESC','ESC_Celtic'),(123,'Parma','c','Parma Associazione Calcio','1913','Parma','ITA','ITA_Parma'),(124,'Vitória','c','Esporte Clube Vitória','1899','Salvador','BRA','BRA_Vitoria'),(125,'São Caetano','c','Associação Desportiva São Caetano','1989','São Caetano do Sul','BRA','BRA_Sao_Caetano'),(126,'Juventude','c','Esporte Clube Juventude','1913','Caxias do Sul','BRA','BRA_Juventude'),(127,'Paysandu','c','Paysandu Sport Clube','1914','Belém','BRA','BRA_Paysandu'),(128,'Vélez Sarsfield','c','Club Atlético Vélez Sarsfield','1910','Buenos Aires','ARG','ARG_Velez_Sarsfield'),(129,'Atlético Nacional','c','Corporación Deportiva Club Atlético Nacional','1951','Medellín','COL','COL_Atletico_Nacional'),(130,'Universidad Católica','c','Club Deportivo Universidad Católica','1937','Santiago','CHI','CHI_Universidad_Catolica'),(131,'Emelec','c','Club Sport Emelec','1929','Guayaquil','EQU','EQU_Emelec'),(132,'Arsenal','c','Arsenal Footbal Club','1886','Londres','ING','ING_Arsenal'),(133,'PSV Eindhoven','c','Philips Sport Vereniging Eindhoven','1913','Eindhoven','HOL','HOL_PSV_Eindhoven'),(134,'Olympiakos','c','Olympiakos Syndesmos Filathlon Peiraios','1925','Pireus','GRE','GRE_Olympiakos'),(135,'Roma','c','Associazione Sportiva Roma','1927','Roma','ITA','ITA_Roma'),(136,'Lazio','c','Societá Sportiva Lazio','1900','Roma','ITA','ITA_Lazio'),(137,'Spartak Moscou','c','Spartak Moskva','1922','Moscou','RUS','RUS_Spartak_Moscou'),(138,'Camarões','s','Fédération Camerounaise de Football','1959','Yaoundé','CAM','CAM'),(139,'Nigéria','s','Nigeria Football Association','1945','Abuja','NIG','NIG'),(140,'México','s','Federación Mexicana de Fútbol Asociación AC','1927','Cidade do México','MEX','MEX'),(141,'Dinamarca','s','Dansk Boldspil Union','1889','Brøndby','DIN','DIN'),(142,'Bélgica','s','Union Royale Belge des Sociétés de Football Association','1895','Bruxelas','BEL','BEL'),(143,'Coréia do Sul','s','Korea Football Association','1928','Seul','COR','COR'),(144,'Rússia','s','Rossiiski Futbolnyi Soyuz ','1912','Moscou','RUS','RUS'),(145,'Espanha','s','Real Federación Española de Fútbol','1913','Madri','ESP','ESP'),(146,'Galatasaray','c','Galatasaray Spor Kulübü','1905','Istambul','TUR','TUR_Galatasaray'),(147,'Bayer Leverkusen','c','Bayer 04 Leverkusen Sporting Club','1904','Leverkusen','ALE','ALE_Bayer_Leverkusen'),(148,'Steaua Bucareste','c','Fotbal Club Steaua Bucuresti','1947','Bucareste','ROM','ROM_Steaua_Bucareste'),(149,'Olympique de Marselha','c','Olympique de Marseille','1899','Marselha','FRA','FRA_Olympique_de_Marselha'),(150,'Bolívar','c','Club Bolívar','1925','La Paz','BOL','BOL_Bolivar'),(151,'Estudiantes','c','Club Estudiantes de La Plata','1905','La Plata','ARG','ARG_Estudiantes'),(152,'The Strongest','c','Club The Strongest','1908','La Paz','BOL','BOL_The_Strongest'),(153,'Universitario','c','Club Universitario de Deportes','1924','Lima','PER','PER_Universitario'),(154,'Racing','c','Racing Club','1903','Avellaneda','ARG','ARG_Racing'),(155,'Barcelona de Guaiaquil','c','Barcelona Sporting Club','1925','Guaiaquil','EQU','EQU_Barcelona_de_Guaiaquil'),(156,'América','c','Club de Fútbol América','1916','Cidade do México','MEX','MEX_America'),(157,'Polônia','s','Polski Zwiazek Pilki Noznej','1919','Varsóvia','POL','POL'),(158,'Arábia Saudita','s','Saudi Arabian Football Federation','1959','Riad','ARA','ARA'),(159,'Portugal','s','Federação Portuguesa de Futebol','1914','Lisboa','POR','POR'),(160,'Estados Unidos','s','United States Soccer Federation','1913','Chicago','EUA','EUA');
/*!40000 ALTER TABLE `TEAM` ENABLE KEYS */;
UNLOCK TABLES;

--
-- Table structure for table `TEAM_TYPE`
--

DROP TABLE IF EXISTS `TEAM_TYPE`;
/*!40101 SET @saved_cs_client     = @@character_set_client */;
/*!40101 SET character_set_client = utf8 */;
CREATE TABLE `TEAM_TYPE` (
  `ID` int(10) unsigned NOT NULL AUTO_INCREMENT,
  `CODE` varchar(1) NOT NULL,
  `DESCRIPTION` varchar(10) NOT NULL,
  PRIMARY KEY (`ID`),
  KEY `IDX_CODE` (`CODE`) USING BTREE
) ENGINE=InnoDB AUTO_INCREMENT=3 DEFAULT CHARSET=latin1;
/*!40101 SET character_set_client = @saved_cs_client */;

--
-- Dumping data for table `TEAM_TYPE`
--

LOCK TABLES `TEAM_TYPE` WRITE;
/*!40000 ALTER TABLE `TEAM_TYPE` DISABLE KEYS */;
INSERT INTO `TEAM_TYPE` VALUES (1,'c','Clube'),(2,'s','Seleção');
/*!40000 ALTER TABLE `TEAM_TYPE` ENABLE KEYS */;
UNLOCK TABLES;

--
-- Table structure for table `UNIFIED_RANKING`
--

DROP TABLE IF EXISTS `UNIFIED_RANKING`;
/*!40101 SET @saved_cs_client     = @@character_set_client */;
/*!40101 SET character_set_client = utf8 */;
CREATE TABLE `UNIFIED_RANKING` (
  `ID` int(10) unsigned NOT NULL AUTO_INCREMENT,
  `COD_TYPE` varchar(2) NOT NULL,
  `ID_TEAM` int(10) unsigned NOT NULL,
  `NUM_BEST_POS` smallint(5) unsigned NOT NULL,
  `NUM_WORST_POS` smallint(5) unsigned NOT NULL,
  `NUM_AVG_POS` double(15,5) unsigned NOT NULL,
  `NUM_PARTICIPATIONS` int(10) unsigned NOT NULL,
  `NUM_RANKING_POINTS` int(10) unsigned NOT NULL,
  `NUM_RANKING_POS` smallint(5) unsigned NOT NULL,
  `NUM_POINTS` int(10) unsigned NOT NULL,
  `NUM_GAMES` int(10) unsigned NOT NULL,
  `NUM_WINS` int(10) unsigned NOT NULL,
  `NUM_TIES` int(10) unsigned NOT NULL,
  `NUM_LOSSES` int(10) unsigned NOT NULL,
  `NUM_GOALS_FOR` int(10) unsigned NOT NULL,
  `NUM_GOALS_AGAINST` int(10) unsigned NOT NULL,
  `NUM_GOAL_DIFF` int(10) NOT NULL,
  `NUM_CHAMPIONSHIPS` int(10) unsigned NOT NULL,
  `NUM_UP_TO_EDITION` int(10) unsigned NOT NULL,
  PRIMARY KEY (`ID`),
  KEY `FK_UNIFIED_RANKING_TEAM` (`ID_TEAM`),
  KEY `FK_UNIFIED_RANKING_TYPE` (`COD_TYPE`),
  CONSTRAINT `FK_UNIFIED_RANKING_TEAM` FOREIGN KEY (`ID_TEAM`) REFERENCES `TEAM` (`ID`),
  CONSTRAINT `FK_UNIFIED_RANKING_TYPE` FOREIGN KEY (`COD_TYPE`) REFERENCES `UNIFIED_RANKING_TYPE` (`CODE`)
) ENGINE=InnoDB AUTO_INCREMENT=1084 DEFAULT CHARSET=latin1;
/*!40101 SET character_set_client = @saved_cs_client */;

--
-- Dumping data for table `UNIFIED_RANKING`
--

LOCK TABLES `UNIFIED_RANKING` WRITE;
/*!40000 ALTER TABLE `UNIFIED_RANKING` DISABLE KEYS */;
INSERT INTO `UNIFIED_RANKING` VALUES (1,'af',138,4,4,4.00000,1,96,1,10,6,3,1,2,8,5,3,0,5),(2,'af',139,16,16,16.00000,1,0,2,3,3,1,0,2,4,7,-3,0,5),(3,'af',138,2,4,3.00000,2,225,1,25,12,8,1,3,22,11,11,0,6),(4,'af',139,16,16,16.00000,2,0,2,4,6,1,1,4,9,16,-7,0,6),(5,'ai',143,7,7,7.00000,1,66,1,4,4,1,1,2,5,5,0,0,5),(6,'ai',143,7,20,13.50000,2,66,1,5,7,1,2,4,7,13,-6,0,6),(7,'al',80,1,2,1.50000,2,229,1,27,11,8,3,0,25,6,19,1,1),(8,'al',81,8,8,8.00000,1,38,2,6,4,2,0,2,6,8,-2,0,1),(9,'al',80,1,5,2.50000,3,285,1,32,15,9,5,1,29,10,19,1,2),(10,'al',81,1,8,4.75000,3,138,2,21,13,6,3,4,21,22,-1,1,2),(11,'al',80,1,7,3.16667,4,329,1,38,19,11,5,3,36,19,17,1,3),(12,'al',81,1,9,5.50000,4,138,2,23,16,6,5,5,25,28,-3,1,3),(13,'al',80,1,7,3.12500,5,393,1,46,25,13,7,5,46,30,16,1,4),(14,'al',81,1,9,4.50000,6,335,2,40,27,11,7,9,41,47,-6,1,4),(15,'al',80,1,13,4.00000,6,393,1,47,28,13,8,7,50,38,12,1,5),(16,'al',81,1,9,4.70000,7,379,2,46,31,13,7,11,50,55,-5,1,5),(17,'al',80,1,23,5.41667,7,393,2,47,31,13,8,10,50,46,4,1,6),(18,'al',81,1,9,4.41667,9,554,1,64,43,18,10,15,71,72,-1,1,6),(19,'al',80,1,23,5.41667,7,393,2,47,31,13,8,10,50,46,4,1,7),(20,'al',81,1,9,3.85714,11,790,1,88,55,25,13,17,91,81,10,2,7),(21,'al',147,23,23,23.00000,1,0,3,0,3,0,0,3,2,5,-3,0,7),(22,'am',39,1,3,2.00000,2,211,2,22,11,7,1,3,17,9,8,1,1),(23,'am',40,7,7,7.00000,1,44,7,5,4,1,2,1,7,8,-1,0,1),(24,'am',44,6,6,6.00000,1,50,6,6,4,2,0,2,3,4,-1,0,1),(25,'am',47,12,12,12.00000,1,0,12,0,3,0,0,3,2,8,-6,0,1),(26,'am',48,8,8,8.00000,1,38,8,4,4,1,1,2,5,9,-4,0,1),(27,'am',84,3,7,5.00000,2,74,4,15,9,4,3,2,17,11,6,0,1),(28,'am',85,2,5,3.50000,2,86,3,17,9,5,2,2,15,7,8,0,1),(29,'am',86,11,11,11.00000,1,0,11,1,3,0,1,2,2,7,-5,0,1),(30,'am',87,9,9,9.00000,1,0,9,3,3,1,0,2,5,3,2,0,1),(31,'am',88,1,4,2.50000,2,214,1,18,11,5,3,3,15,15,0,1,1),(32,'am',89,10,10,10.00000,1,0,10,1,3,0,1,2,1,4,-3,0,1),(33,'am',90,5,5,5.00000,1,56,5,4,4,1,1,2,3,4,-1,0,1),(34,'am',37,8,8,8.00000,1,38,13,3,4,0,3,1,4,5,-1,0,2),(35,'am',39,1,4,2.75000,3,275,2,30,17,9,3,5,27,19,8,1,2),(36,'am',40,7,7,7.00000,1,44,11,5,4,1,2,1,7,8,-1,0,2),(37,'am',44,6,6,6.00000,1,50,10,6,4,2,0,2,3,4,-1,0,2),(38,'am',45,2,3,2.50000,2,197,4,18,11,5,3,3,15,13,2,0,2),(39,'am',47,5,12,8.50000,2,56,8,5,7,1,2,4,7,14,-7,0,2),(40,'am',48,8,11,9.50000,2,38,12,6,7,1,3,3,8,13,-5,0,2),(41,'am',84,3,7,6.00000,3,118,5,19,13,5,4,4,25,19,6,0,2),(42,'am',85,1,5,2.75000,4,310,1,41,20,12,5,3,33,18,15,1,2),(43,'am',86,1,11,6.00000,3,100,6,17,12,5,2,5,23,24,-1,1,2),(44,'am',87,9,10,9.50000,2,0,14,6,6,1,3,2,10,8,2,0,2),(45,'am',88,1,9,5.25000,4,214,3,22,17,6,4,7,23,29,-6,1,2),(46,'am',89,6,10,8.00000,2,50,9,6,7,1,3,3,5,7,-2,0,2),(47,'am',90,5,12,8.50000,2,56,7,5,7,1,2,4,4,8,-4,0,2),(48,'am',37,8,8,8.00000,1,38,14,3,4,0,3,1,4,5,-1,0,3),(49,'am',39,1,7,3.50000,4,319,2,36,21,11,3,7,36,26,10,1,3),(50,'am',40,7,7,7.00000,1,44,13,5,4,1,2,1,7,8,-1,0,3),(51,'am',41,11,11,11.00000,1,0,15,1,3,0,1,2,4,7,-3,0,3),(52,'am',44,6,6,6.00000,1,50,12,6,4,2,0,2,3,4,-1,0,3),(53,'am',45,2,8,4.00000,4,271,3,28,20,8,4,8,25,27,-2,0,3),(54,'am',47,5,12,8.50000,2,56,10,5,7,1,2,4,7,14,-7,0,3),(55,'am',48,8,11,9.00000,3,76,9,13,11,3,4,4,16,19,-3,0,3),(56,'am',84,3,10,6.83333,4,118,6,21,16,5,6,5,28,23,5,0,3),(57,'am',85,1,5,2.50000,6,525,1,61,31,18,7,6,55,34,21,1,3),(58,'am',86,1,11,5.66667,5,164,5,25,21,7,4,10,36,40,-4,1,3),(59,'am',87,1,10,5.83333,4,100,8,17,15,3,8,4,23,20,3,1,3),(60,'am',88,1,9,5.16667,5,264,4,30,21,8,6,7,32,36,-4,1,3),(61,'am',89,6,10,8.33333,3,50,11,8,10,1,5,4,8,11,-3,0,3),(62,'am',90,5,12,7.33333,3,112,7,12,11,3,3,5,12,15,-3,0,3),(63,'am',91,12,12,12.00000,1,0,16,1,3,0,1,2,2,7,-5,0,3),(64,'am',37,8,8,8.00000,1,38,17,3,4,0,3,1,4,5,-1,0,4),(65,'am',39,1,7,3.50000,4,319,2,36,21,11,3,7,36,26,10,1,4),(66,'am',40,7,7,7.00000,1,44,16,5,4,1,2,1,7,8,-1,0,4),(67,'am',41,11,11,11.00000,1,0,19,1,3,0,1,2,4,7,-3,0,4),(68,'am',42,7,7,7.00000,1,44,15,5,4,1,2,1,2,1,1,0,4),(69,'am',44,6,6,6.00000,1,50,14,6,4,2,0,2,3,4,-1,0,4),(70,'am',45,2,8,4.00000,4,271,5,28,20,8,4,8,25,27,-2,0,4),(71,'am',46,10,10,10.00000,1,0,18,2,3,0,2,1,1,2,-1,0,4),(72,'am',47,1,12,3.66667,4,292,4,24,18,6,6,6,30,29,1,1,4),(73,'am',48,3,11,5.75000,5,246,6,32,22,8,8,6,38,40,-2,0,4),(74,'am',73,5,5,5.00000,1,56,12,4,4,1,1,2,4,6,-2,0,4),(75,'am',84,3,10,6.83333,4,118,9,21,16,5,6,5,28,23,5,0,4),(76,'am',85,1,5,2.62500,8,718,1,74,42,21,11,10,77,54,23,1,4),(77,'am',86,1,11,6.12500,6,164,7,27,24,7,6,11,38,45,-7,1,4),(78,'am',87,1,10,6.00000,5,138,8,22,19,4,10,5,29,25,4,1,4),(79,'am',88,1,9,5.12500,6,314,3,38,25,10,8,7,37,39,-2,1,4),(80,'am',89,6,12,9.25000,4,50,13,9,13,1,6,6,9,15,-6,0,4),(81,'am',90,5,12,8.25000,4,112,10,13,14,3,4,7,18,23,-5,0,4),(82,'am',91,12,12,12.00000,1,0,20,1,3,0,1,2,2,7,-5,0,4),(83,'am',109,1,8,4.50000,2,100,11,14,9,3,5,1,17,14,3,1,4),(84,'am',36,8,8,8.00000,1,38,20,7,4,2,1,1,12,13,-1,0,5),(85,'am',37,8,8,8.00000,1,38,21,3,4,0,3,1,4,5,-1,0,5),(86,'am',38,4,4,4.00000,1,64,12,9,6,3,0,3,14,17,-3,0,5),(87,'am',39,1,7,3.50000,4,319,4,36,21,11,3,7,36,26,10,1,5),(88,'am',40,7,7,7.00000,1,44,19,5,4,1,2,1,7,8,-1,0,5),(89,'am',41,11,11,11.00000,1,0,23,1,3,0,1,2,4,7,-3,0,5),(90,'am',42,7,7,7.00000,1,44,18,5,4,1,2,1,2,1,1,0,5),(91,'am',44,6,6,6.00000,1,50,15,6,4,2,0,2,3,4,-1,0,5),(92,'am',45,2,15,6.08333,5,271,6,29,23,8,5,10,30,36,-6,0,5),(93,'am',46,10,10,10.00000,1,0,22,2,3,0,2,1,1,2,-1,0,5),(94,'am',47,1,12,4.41667,5,388,2,33,23,9,6,8,40,39,1,1,5),(95,'am',48,1,11,5.35000,7,346,3,50,31,13,11,7,53,49,4,1,5),(96,'am',73,5,5,5.00000,1,56,13,4,4,1,1,2,4,6,-2,0,5),(97,'am',84,3,10,6.62500,6,192,7,32,25,8,8,9,47,35,12,0,5),(98,'am',85,1,5,2.40000,10,954,1,99,53,28,15,10,108,69,39,2,5),(99,'am',86,1,11,6.50000,7,164,8,30,27,8,6,13,43,51,-8,1,5),(100,'am',87,1,16,6.90000,6,138,10,23,22,4,11,7,33,35,-2,1,5),(101,'am',88,1,9,5.40000,7,314,5,41,28,11,8,9,42,45,-3,1,5),(102,'am',89,6,12,9.80000,5,50,14,12,16,2,6,8,14,23,-9,0,5),(103,'am',90,5,12,8.80000,5,112,11,16,17,4,4,9,24,31,-7,0,5),(104,'am',91,12,12,12.00000,1,0,24,1,3,0,1,2,2,7,-5,0,5),(105,'am',92,13,13,13.00000,1,0,25,3,3,1,0,2,8,10,-2,0,5),(106,'am',109,1,8,5.50000,3,156,9,18,13,4,6,3,22,21,1,1,5),(107,'am',116,7,7,7.00000,1,44,17,6,4,2,0,2,14,14,0,0,5),(108,'am',117,6,6,6.00000,1,50,16,5,4,1,2,1,9,8,1,0,5),(109,'am',118,14,14,14.00000,1,0,26,3,3,1,0,2,4,6,-2,0,5),(110,'am',36,8,8,8.00000,1,38,24,7,4,2,1,1,12,13,-1,0,6),(111,'am',37,2,8,3.50000,3,253,7,27,15,8,3,4,36,25,11,0,6),(112,'am',38,4,4,4.00000,1,64,16,9,6,3,0,3,14,17,-3,0,6),(113,'am',39,1,7,3.50000,4,319,4,36,21,11,3,7,36,26,10,1,6),(114,'am',40,7,7,7.00000,1,44,23,5,4,1,2,1,7,8,-1,0,6),(115,'am',41,11,11,11.00000,1,0,27,1,3,0,1,2,4,7,-3,0,6),(116,'am',42,7,7,7.00000,1,44,22,5,4,1,2,1,2,1,1,0,6),(117,'am',44,6,6,6.00000,1,50,20,6,4,2,0,2,3,4,-1,0,6),(118,'am',45,2,15,6.08333,5,271,6,29,23,8,5,10,30,36,-6,0,6),(119,'am',46,10,10,10.00000,1,0,26,2,3,0,2,1,1,2,-1,0,6),(120,'am',47,1,12,5.00000,6,388,2,37,26,10,7,9,46,43,3,1,6),(121,'am',48,1,11,5.66667,8,346,3,54,34,14,12,8,56,52,4,1,6),(122,'am',73,5,5,5.00000,1,56,18,4,4,1,1,2,4,6,-2,0,6),(123,'am',84,3,10,6.55000,7,248,8,39,29,10,9,10,56,41,15,0,6),(124,'am',85,1,6,2.91667,12,1004,1,109,60,31,16,13,122,82,40,2,6),(125,'am',86,1,11,6.66667,8,164,10,34,30,9,7,14,48,55,-7,1,6),(126,'am',87,1,18,7.66667,7,138,12,24,25,4,12,9,35,39,-4,1,6),(127,'am',88,1,14,6.00000,8,314,5,44,31,12,8,11,45,49,-4,1,6),(128,'am',89,6,12,10.16667,6,50,19,16,19,3,7,9,16,25,-9,0,6),(129,'am',90,5,17,10.16667,6,112,13,19,20,5,4,11,27,36,-9,0,6),(130,'am',91,12,12,12.00000,1,0,28,1,3,0,1,2,2,7,-5,0,6),(131,'am',92,13,13,13.00000,1,0,29,3,3,1,0,2,8,10,-2,0,6),(132,'am',109,1,20,8.33333,4,156,11,18,16,4,6,6,22,28,-6,1,6),(133,'am',113,4,4,4.00000,1,64,17,7,6,2,1,3,10,8,2,0,6),(134,'am',116,7,13,10.00000,2,44,21,10,7,3,1,3,20,21,-1,0,6),(135,'am',117,6,7,6.50000,2,94,15,11,8,3,2,3,13,14,-1,0,6),(136,'am',118,3,14,6.25000,3,170,9,19,14,6,1,7,23,27,-4,0,6),(137,'am',126,16,16,16.00000,1,0,31,4,3,1,1,1,2,2,0,0,6),(138,'am',128,15,15,15.00000,1,0,30,2,3,0,2,1,5,7,-2,0,6),(139,'am',129,8,8,8.00000,1,38,25,6,4,2,0,2,4,8,-4,0,6),(140,'am',130,1,7,4.00000,2,100,14,17,9,5,2,2,20,18,2,1,6),(141,'am',131,19,19,19.00000,1,0,32,0,3,0,0,3,3,8,-5,0,6),(142,'am',36,8,8,8.00000,1,38,27,7,4,2,1,1,12,13,-1,0,7),(143,'am',37,2,8,3.50000,3,253,10,27,15,8,3,4,36,25,11,0,7),(144,'am',38,4,4,4.00000,1,64,19,9,6,3,0,3,14,17,-3,0,7),(145,'am',39,1,7,3.50000,4,319,5,36,21,11,3,7,36,26,10,1,7),(146,'am',40,7,8,7.50000,2,82,17,17,9,5,2,2,15,12,3,0,7),(147,'am',41,11,11,11.00000,1,0,34,1,3,0,1,2,4,7,-3,0,7),(148,'am',42,7,7,7.00000,1,44,25,5,4,1,2,1,2,1,1,0,7),(149,'am',44,6,6,6.00000,1,50,23,6,4,2,0,2,3,4,-1,0,7),(150,'am',45,2,15,6.08333,5,271,8,29,23,8,5,10,30,36,-6,0,7),(151,'am',46,10,10,10.00000,1,0,33,2,3,0,2,1,1,2,-1,0,7),(152,'am',47,1,12,5.00000,6,388,2,37,26,10,7,9,46,43,3,1,7),(153,'am',48,1,11,5.82143,9,378,3,60,38,16,12,10,66,58,8,1,7),(154,'am',73,5,5,5.00000,1,56,21,4,4,1,1,2,4,6,-2,0,7),(155,'am',84,3,10,6.50000,8,304,6,48,34,13,9,12,70,50,20,0,7),(156,'am',85,1,12,3.54762,13,1024,1,118,64,34,16,14,130,85,45,2,7),(157,'am',86,1,11,6.26190,10,228,11,51,40,14,9,17,66,68,-2,1,7),(158,'am',87,1,18,7.66667,7,138,13,24,25,4,12,9,35,39,-4,1,7),(159,'am',88,1,14,6.14286,9,342,4,51,35,14,9,12,53,53,0,1,7),(160,'am',89,6,23,12.00000,7,50,22,16,22,3,7,12,21,34,-13,0,7),(161,'am',90,5,17,10.16667,6,112,15,19,20,5,4,11,27,36,-9,0,7),(162,'am',91,12,12,12.00000,1,0,35,1,3,0,1,2,2,7,-5,0,7),(163,'am',92,13,15,14.00000,2,8,30,9,7,3,0,4,17,21,-4,0,7),(164,'am',109,1,20,8.33333,4,156,12,18,16,4,6,6,22,28,-6,1,7),(165,'am',110,6,6,6.00000,1,50,24,6,5,2,0,3,7,10,-3,0,7),(166,'am',113,4,4,4.00000,1,64,20,7,6,2,1,3,10,8,2,0,7),(167,'am',116,7,13,9.00000,3,88,16,16,12,5,1,6,31,30,1,0,7),(168,'am',117,1,7,4.33333,4,290,7,34,20,10,4,6,32,24,8,1,7),(169,'am',118,2,14,5.91667,5,256,9,33,24,10,3,11,37,43,-6,0,7),(170,'am',125,22,22,22.00000,1,0,39,1,3,0,1,2,2,8,-6,0,7),(171,'am',126,16,20,18.00000,2,0,32,7,6,2,1,3,5,12,-7,0,7),(172,'am',127,14,14,14.00000,1,12,29,6,4,2,0,2,7,5,2,0,7),(173,'am',128,11,15,13.00000,2,24,28,9,7,2,3,2,13,12,1,0,7),(174,'am',129,8,17,12.50000,2,38,26,9,7,3,0,4,7,16,-9,0,7),(175,'am',130,1,13,7.00000,3,116,14,20,13,6,2,5,23,24,-1,1,7),(176,'am',131,19,19,19.00000,1,0,37,0,3,0,0,3,3,8,-5,0,7),(177,'am',151,21,21,21.00000,1,0,38,1,3,0,1,2,4,8,-4,0,7),(178,'am',153,18,18,18.00000,1,0,36,1,3,0,1,2,5,9,-4,0,7),(179,'am',155,3,8,5.50000,2,74,18,13,10,4,1,5,11,13,-2,0,7),(180,'am',156,16,16,16.00000,1,4,31,7,4,2,1,1,7,6,1,0,7),(181,'ar',84,3,7,5.00000,2,74,2,15,9,4,3,2,17,11,6,0,1),(182,'ar',85,2,5,3.50000,2,86,1,17,9,5,2,2,15,7,8,0,1),(183,'ar',86,11,11,11.00000,1,0,3,1,3,0,1,2,2,7,-5,0,1),(184,'ar',84,3,7,6.00000,3,118,2,19,13,5,4,4,25,19,6,0,2),(185,'ar',85,1,5,2.75000,4,310,1,41,20,12,5,3,33,18,15,1,2),(186,'ar',86,1,11,6.00000,3,100,3,17,12,5,2,5,23,24,-1,1,2),(187,'ar',84,3,10,6.83333,4,118,3,21,16,5,6,5,28,23,5,0,3),(188,'ar',85,1,5,2.50000,6,525,1,61,31,18,7,6,55,34,21,1,3),(189,'ar',86,1,11,5.66667,5,164,2,25,21,7,4,10,36,40,-4,1,3),(190,'ar',84,3,10,6.83333,4,118,3,21,16,5,6,5,28,23,5,0,4),(191,'ar',85,1,5,2.62500,8,718,1,74,42,21,11,10,77,54,23,1,4),(192,'ar',86,1,11,6.12500,6,164,2,27,24,7,6,11,38,45,-7,1,4),(193,'ar',84,3,10,6.62500,6,192,2,32,25,8,8,9,47,35,12,0,5),(194,'ar',85,1,5,2.40000,10,954,1,99,53,28,15,10,108,69,39,2,5),(195,'ar',86,1,11,6.50000,7,164,3,30,27,8,6,13,43,51,-8,1,5),(196,'ar',84,3,10,6.55000,7,248,2,39,29,10,9,10,56,41,15,0,6),(197,'ar',85,1,6,2.91667,12,1004,1,109,60,31,16,13,122,82,40,2,6),(198,'ar',86,1,11,6.66667,8,164,3,34,30,9,7,14,48,55,-7,1,6),(199,'ar',128,15,15,15.00000,1,0,4,2,3,0,2,1,5,7,-2,0,6),(200,'ar',84,3,10,6.50000,8,304,2,48,34,13,9,12,70,50,20,0,7),(201,'ar',85,1,12,3.54762,13,1024,1,118,64,34,16,14,130,85,45,2,7),(202,'ar',86,1,11,6.26190,10,228,3,51,40,14,9,17,66,68,-2,1,7),(203,'ar',128,11,15,13.00000,2,24,4,9,7,2,3,2,13,12,1,0,7),(204,'ar',151,21,21,21.00000,1,0,5,1,3,0,1,2,4,8,-4,0,7),(205,'as',49,10,10,10.00000,1,0,4,1,3,0,1,2,4,6,-2,0,1),(206,'as',52,11,11,11.00000,1,0,5,1,3,0,1,2,3,5,-2,0,1),(207,'as',53,2,2,2.00000,1,129,1,15,6,5,0,1,11,7,4,0,1),(208,'as',56,12,12,12.00000,1,0,6,1,3,0,1,2,4,8,-4,0,1),(209,'as',65,4,4,4.00000,1,96,3,12,6,4,0,2,14,8,6,0,1),(210,'as',93,3,3,3.00000,1,111,2,13,6,4,1,1,16,9,7,0,1),(211,'as',49,8,10,9.00000,2,57,5,6,7,1,3,3,11,13,-2,0,2),(212,'as',52,9,11,10.00000,2,0,6,5,6,1,2,3,7,11,-4,0,2),(213,'as',53,2,2,2.00000,2,258,1,24,12,7,3,2,21,15,6,0,2),(214,'as',56,7,12,9.50000,2,66,4,10,7,3,1,3,13,14,-1,0,2),(215,'as',65,4,4,4.00000,2,192,3,20,12,6,2,4,23,17,6,0,2),(216,'as',93,3,3,3.00000,2,222,2,22,12,6,4,2,25,17,8,0,2),(217,'as',49,3,10,7.00000,3,168,4,19,13,5,4,4,23,20,3,0,3),(218,'as',52,9,11,9.66667,3,0,6,8,9,1,5,3,10,14,-4,0,3),(219,'as',53,2,6,3.33333,3,333,1,29,16,8,5,3,26,20,6,0,3),(220,'as',56,7,12,10.33333,3,66,5,10,10,3,1,6,18,24,-6,0,3),(221,'as',65,2,4,3.33333,3,321,2,32,18,10,2,6,34,23,11,0,3),(222,'as',93,3,5,3.66667,3,306,3,26,16,7,5,4,30,22,8,0,3),(223,'as',49,3,10,6.25000,4,264,4,29,19,8,5,6,31,28,3,0,4),(224,'as',52,2,11,7.75000,4,129,5,16,15,3,7,5,21,24,-3,0,4),(225,'as',53,2,12,5.50000,4,333,2,29,19,8,5,6,28,28,0,0,4),(226,'as',56,7,12,10.50000,4,66,6,10,13,3,1,9,20,31,-11,0,4),(227,'as',65,2,7,4.25000,4,387,1,39,22,12,3,7,41,30,11,0,4),(228,'as',93,3,9,5.00000,4,306,3,30,19,8,6,5,33,25,8,0,4),(229,'as',49,3,11,7.20000,5,264,4,35,22,10,5,7,38,34,4,0,5),(230,'as',52,2,12,8.60000,5,129,5,20,18,4,8,6,22,25,-3,0,5),(231,'as',53,2,12,4.80000,5,462,1,40,25,11,7,7,39,37,2,0,5),(232,'as',56,7,13,11.00000,5,66,7,13,16,4,1,11,26,36,-10,0,5),(233,'as',65,2,10,5.40000,5,387,2,42,25,13,3,9,46,35,11,0,5),(234,'as',93,3,9,5.80000,5,306,3,34,22,9,7,6,37,28,9,0,5),(235,'as',140,6,6,6.00000,1,75,6,6,4,2,0,2,7,5,2,0,5),(236,'as',49,3,11,6.50000,6,375,3,47,28,14,5,9,51,42,9,0,6),(237,'as',52,2,12,8.66667,6,129,5,24,21,5,9,7,25,28,-3,0,6),(238,'as',53,2,12,4.66667,6,558,1,51,31,14,9,8,54,47,7,0,6),(239,'as',56,7,13,11.00000,6,66,7,16,19,5,1,13,31,40,-9,0,6),(240,'as',65,2,14,6.83333,6,387,2,44,28,13,5,10,49,39,10,0,6),(241,'as',93,3,10,6.50000,6,306,4,38,25,10,8,7,42,34,8,0,6),(242,'as',140,6,17,11.50000,2,75,6,7,7,2,1,4,9,11,-2,0,6),(243,'bi',39,1,3,2.00000,2,211,1,22,11,7,1,3,17,9,8,1,1),(244,'bi',40,7,7,7.00000,1,44,3,5,4,1,2,1,7,8,-1,0,1),(245,'bi',44,6,6,6.00000,1,50,2,6,4,2,0,2,3,4,-1,0,1),(246,'bi',47,12,12,12.00000,1,0,4,0,3,0,0,3,2,8,-6,0,1),(247,'bi',37,8,8,8.00000,1,38,6,3,4,0,3,1,4,5,-1,0,2),(248,'bi',39,1,4,2.75000,3,275,1,30,17,9,3,5,27,19,8,1,2),(249,'bi',40,7,7,7.00000,1,44,5,5,4,1,2,1,7,8,-1,0,2),(250,'bi',44,6,6,6.00000,1,50,4,6,4,2,0,2,3,4,-1,0,2),(251,'bi',45,2,3,2.50000,2,197,2,18,11,5,3,3,15,13,2,0,2),(252,'bi',47,5,12,8.50000,2,56,3,5,7,1,2,4,7,14,-7,0,2),(253,'bi',37,8,8,8.00000,1,38,6,3,4,0,3,1,4,5,-1,0,3),(254,'bi',39,1,7,3.50000,4,319,1,36,21,11,3,7,36,26,10,1,3),(255,'bi',40,7,7,7.00000,1,44,5,5,4,1,2,1,7,8,-1,0,3),(256,'bi',41,11,11,11.00000,1,0,7,1,3,0,1,2,4,7,-3,0,3),(257,'bi',44,6,6,6.00000,1,50,4,6,4,2,0,2,3,4,-1,0,3),(258,'bi',45,2,8,4.00000,4,271,2,28,20,8,4,8,25,27,-2,0,3),(259,'bi',47,5,12,8.50000,2,56,3,5,7,1,2,4,7,14,-7,0,3),(260,'bi',91,12,12,12.00000,1,0,8,1,3,0,1,2,2,7,-5,0,3),(261,'bi',37,8,8,8.00000,1,38,8,3,4,0,3,1,4,5,-1,0,4),(262,'bi',39,1,7,3.50000,4,319,1,36,21,11,3,7,36,26,10,1,4),(263,'bi',40,7,7,7.00000,1,44,7,5,4,1,2,1,7,8,-1,0,4),(264,'bi',41,11,11,11.00000,1,0,10,1,3,0,1,2,4,7,-3,0,4),(265,'bi',42,7,7,7.00000,1,44,6,5,4,1,2,1,2,1,1,0,4),(266,'bi',44,6,6,6.00000,1,50,5,6,4,2,0,2,3,4,-1,0,4),(267,'bi',45,2,8,4.00000,4,271,3,28,20,8,4,8,25,27,-2,0,4),(268,'bi',46,10,10,10.00000,1,0,9,2,3,0,2,1,1,2,-1,0,4),(269,'bi',47,1,12,3.66667,4,292,2,24,18,6,6,6,30,29,1,1,4),(270,'bi',73,5,5,5.00000,1,56,4,4,4,1,1,2,4,6,-2,0,4),(271,'bi',91,12,12,12.00000,1,0,11,1,3,0,1,2,2,7,-5,0,4),(272,'bi',36,8,8,8.00000,1,38,9,7,4,2,1,1,12,13,-1,0,5),(273,'bi',37,8,8,8.00000,1,38,10,3,4,0,3,1,4,5,-1,0,5),(274,'bi',38,4,4,4.00000,1,64,4,9,6,3,0,3,14,17,-3,0,5),(275,'bi',39,1,7,3.50000,4,319,2,36,21,11,3,7,36,26,10,1,5),(276,'bi',40,7,7,7.00000,1,44,8,5,4,1,2,1,7,8,-1,0,5),(277,'bi',41,11,11,11.00000,1,0,12,1,3,0,1,2,4,7,-3,0,5),(278,'bi',42,7,7,7.00000,1,44,7,5,4,1,2,1,2,1,1,0,5),(279,'bi',44,6,6,6.00000,1,50,6,6,4,2,0,2,3,4,-1,0,5),(280,'bi',45,2,15,6.08333,5,271,3,29,23,8,5,10,30,36,-6,0,5),(281,'bi',46,10,10,10.00000,1,0,11,2,3,0,2,1,1,2,-1,0,5),(282,'bi',47,1,12,4.41667,5,388,1,33,23,9,6,8,40,39,1,1,5),(283,'bi',73,5,5,5.00000,1,56,5,4,4,1,1,2,4,6,-2,0,5),(284,'bi',91,12,12,12.00000,1,0,13,1,3,0,1,2,2,7,-5,0,5),(285,'bi',92,13,13,13.00000,1,0,14,3,3,1,0,2,8,10,-2,0,5),(286,'bi',36,8,8,8.00000,1,38,11,7,4,2,1,1,12,13,-1,0,6),(287,'bi',37,2,8,3.50000,3,253,4,27,15,8,3,4,36,25,11,0,6),(288,'bi',38,4,4,4.00000,1,64,5,9,6,3,0,3,14,17,-3,0,6),(289,'bi',39,1,7,3.50000,4,319,2,36,21,11,3,7,36,26,10,1,6),(290,'bi',40,7,7,7.00000,1,44,10,5,4,1,2,1,7,8,-1,0,6),(291,'bi',41,11,11,11.00000,1,0,13,1,3,0,1,2,4,7,-3,0,6),(292,'bi',42,7,7,7.00000,1,44,9,5,4,1,2,1,2,1,1,0,6),(293,'bi',44,6,6,6.00000,1,50,8,6,4,2,0,2,3,4,-1,0,6),(294,'bi',45,2,15,6.08333,5,271,3,29,23,8,5,10,30,36,-6,0,6),(295,'bi',46,10,10,10.00000,1,0,12,2,3,0,2,1,1,2,-1,0,6),(296,'bi',47,1,12,5.00000,6,388,1,37,26,10,7,9,46,43,3,1,6),(297,'bi',73,5,5,5.00000,1,56,7,4,4,1,1,2,4,6,-2,0,6),(298,'bi',91,12,12,12.00000,1,0,14,1,3,0,1,2,2,7,-5,0,6),(299,'bi',92,13,13,13.00000,1,0,15,3,3,1,0,2,8,10,-2,0,6),(300,'bi',113,4,4,4.00000,1,64,6,7,6,2,1,3,10,8,2,0,6),(301,'bi',126,16,16,16.00000,1,0,16,4,3,1,1,1,2,2,0,0,6),(302,'bi',36,8,8,8.00000,1,38,12,7,4,2,1,1,12,13,-1,0,7),(303,'bi',37,2,8,3.50000,3,253,4,27,15,8,3,4,36,25,11,0,7),(304,'bi',38,4,4,4.00000,1,64,6,9,6,3,0,3,14,17,-3,0,7),(305,'bi',39,1,7,3.50000,4,319,2,36,21,11,3,7,36,26,10,1,7),(306,'bi',40,7,8,7.50000,2,82,5,17,9,5,2,2,15,12,3,0,7),(307,'bi',41,11,11,11.00000,1,0,17,1,3,0,1,2,4,7,-3,0,7),(308,'bi',42,7,7,7.00000,1,44,11,5,4,1,2,1,2,1,1,0,7),(309,'bi',44,6,6,6.00000,1,50,9,6,4,2,0,2,3,4,-1,0,7),(310,'bi',45,2,15,6.08333,5,271,3,29,23,8,5,10,30,36,-6,0,7),(311,'bi',46,10,10,10.00000,1,0,16,2,3,0,2,1,1,2,-1,0,7),(312,'bi',47,1,12,5.00000,6,388,1,37,26,10,7,9,46,43,3,1,7),(313,'bi',73,5,5,5.00000,1,56,8,4,4,1,1,2,4,6,-2,0,7),(314,'bi',91,12,12,12.00000,1,0,18,1,3,0,1,2,2,7,-5,0,7),(315,'bi',92,13,15,14.00000,2,8,14,9,7,3,0,4,17,21,-4,0,7),(316,'bi',110,6,6,6.00000,1,50,10,6,5,2,0,3,7,10,-3,0,7),(317,'bi',113,4,4,4.00000,1,64,7,7,6,2,1,3,10,8,2,0,7),(318,'bi',125,22,22,22.00000,1,0,19,1,3,0,1,2,2,8,-6,0,7),(319,'bi',126,16,20,18.00000,2,0,15,7,6,2,1,3,5,12,-7,0,7),(320,'bi',127,14,14,14.00000,1,12,13,6,4,2,0,2,7,5,2,0,7),(321,'br',36,7,7,7.00000,1,22,7,7,4,2,1,1,9,5,4,0,1),(322,'br',37,5,5,5.00000,1,28,5,5,4,1,2,1,4,4,0,0,1),(323,'br',38,11,11,11.00000,1,0,11,4,3,1,1,1,3,3,0,0,1),(324,'br',39,1,3,1.66667,3,261,1,37,17,12,1,4,31,18,13,2,1),(325,'br',40,2,7,4.50000,2,87,2,17,10,5,2,3,19,16,3,0,1),(326,'br',41,14,14,14.00000,1,0,14,0,3,0,0,3,3,7,-4,0,1),(327,'br',42,6,6,6.00000,1,25,6,7,4,2,1,1,9,7,2,0,1),(328,'br',43,10,10,10.00000,1,0,10,4,3,1,1,1,4,3,1,0,1),(329,'br',44,4,6,5.00000,2,82,3,15,10,5,0,5,11,16,-5,0,1),(330,'br',45,15,15,15.00000,1,0,15,0,3,0,0,3,4,9,-5,0,1),(331,'br',46,13,13,13.00000,1,0,13,1,3,0,1,2,2,7,-5,0,1),(332,'br',47,3,12,7.50000,2,37,4,13,9,4,1,4,19,16,3,0,1),(333,'br',73,9,9,9.00000,1,0,9,6,3,2,0,1,5,4,1,0,1),(334,'br',74,12,12,12.00000,1,0,12,3,3,1,0,2,4,5,-1,0,1),(335,'br',91,16,16,16.00000,1,0,16,0,3,0,0,3,4,11,-7,0,1),(336,'br',92,8,8,8.00000,1,19,8,6,4,2,0,2,6,6,0,0,1),(337,'br',36,7,9,8.00000,2,22,9,11,7,3,2,2,11,6,5,0,2),(338,'br',37,4,8,6.25000,3,98,6,15,14,2,9,3,14,16,-2,0,2),(339,'br',38,11,15,13.00000,2,0,13,4,6,1,1,4,6,12,-6,0,2),(340,'br',39,1,4,2.33333,5,368,1,56,29,17,5,7,53,39,14,2,2),(341,'br',40,2,8,6.00000,3,106,5,24,14,7,3,4,24,21,3,0,2),(342,'br',41,12,14,13.00000,2,0,14,2,6,0,2,4,5,11,-6,0,2),(343,'br',42,6,13,9.50000,2,25,8,9,7,2,3,2,12,11,1,0,2),(344,'br',43,10,11,10.50000,2,0,12,6,6,1,3,2,8,8,0,0,2),(345,'br',44,4,6,5.25000,3,110,4,20,14,6,2,6,16,20,-4,0,2),(346,'br',45,2,15,4.66667,4,234,2,29,20,8,5,7,33,30,3,0,2),(347,'br',46,13,16,14.50000,2,0,15,1,6,0,1,5,3,16,-13,0,2),(348,'br',47,1,12,5.25000,4,143,3,32,19,9,5,5,40,30,10,1,2),(349,'br',73,9,10,9.50000,2,0,11,9,6,3,0,3,7,7,0,0,2),(350,'br',74,7,12,9.50000,2,22,10,12,7,4,0,3,11,9,2,0,2),(351,'br',91,14,16,15.00000,2,0,16,1,6,0,1,5,5,15,-10,0,2),(352,'br',92,6,8,7.00000,2,44,7,13,8,4,1,3,13,10,3,0,2),(353,'br',36,7,12,9.33333,3,22,12,14,10,3,5,2,17,12,5,0,3),(354,'br',37,4,11,7.33333,4,98,6,18,17,3,9,5,19,22,-3,0,3),(355,'br',38,5,15,10.33333,3,28,10,9,10,2,3,5,12,18,-6,0,3),(356,'br',39,1,7,3.00000,7,449,1,72,39,22,6,11,72,53,19,2,3),(357,'br',40,2,9,6.66667,4,106,5,28,17,8,4,5,29,25,4,0,3),(358,'br',41,1,14,10.00000,4,50,8,17,15,4,5,6,22,23,-1,1,3),(359,'br',42,6,14,11.00000,3,25,11,11,10,2,5,3,16,18,-2,0,3),(360,'br',43,10,16,12.33333,3,0,15,7,9,1,4,4,11,14,-3,0,3),(361,'br',44,4,8,5.83333,4,129,4,27,18,8,3,7,23,27,-4,0,3),(362,'br',45,2,15,5.11111,7,340,2,46,35,13,7,15,55,56,-1,0,3),(363,'br',46,13,16,14.00000,3,0,16,3,9,0,3,6,6,20,-14,0,3),(364,'br',47,1,12,5.91667,5,168,3,37,23,10,7,6,44,34,10,1,3),(365,'br',73,9,10,9.66667,3,0,14,13,9,4,1,4,12,14,-2,0,3),(366,'br',74,7,15,11.33333,3,22,13,13,10,4,1,5,15,15,0,0,3),(367,'br',91,2,16,11.33333,4,43,9,14,15,4,2,9,19,32,-13,0,3),(368,'br',92,6,8,7.00000,3,66,7,18,12,5,3,4,17,16,1,0,3),(369,'br',36,6,12,8.50000,4,47,12,21,14,5,6,3,27,17,10,0,4),(370,'br',37,4,13,8.12500,5,98,8,21,20,4,9,7,22,27,-5,0,4),(371,'br',38,5,16,11.75000,4,28,14,10,13,2,4,7,13,23,-10,0,4),(372,'br',39,1,8,3.50000,8,468,1,77,43,23,8,12,80,63,17,2,4),(373,'br',40,2,14,7.62500,5,106,6,30,20,8,6,6,34,33,1,0,4),(374,'br',41,1,15,10.75000,5,50,11,18,18,4,6,8,26,30,-4,1,4),(375,'br',42,4,14,8.12500,5,101,7,23,20,5,8,7,27,28,-1,0,4),(376,'br',43,10,16,12.33333,3,0,16,7,9,1,4,4,11,14,-3,0,4),(377,'br',44,4,11,6.50000,5,129,4,30,21,9,3,9,28,33,-5,0,4),(378,'br',45,2,15,5.33333,8,340,3,50,38,14,8,16,59,61,-2,0,4),(379,'br',46,2,16,10.50000,5,43,13,15,18,3,6,9,15,28,-13,0,4),(380,'br',47,1,12,3.52778,8,441,2,67,40,18,13,9,76,58,18,2,4),(381,'br',73,1,10,6.25000,5,106,5,29,19,8,5,6,24,23,1,1,4),(382,'br',74,7,15,11.50000,4,22,15,15,13,4,3,6,20,21,-1,0,4),(383,'br',91,2,16,10.87500,5,65,10,20,19,6,2,11,26,37,-11,0,4),(384,'br',92,5,8,6.50000,4,94,9,27,16,8,3,5,26,22,4,0,4),(385,'br',110,9,9,9.00000,1,0,17,4,3,1,1,1,4,4,0,0,4),(386,'br',36,2,12,7.60000,6,128,6,40,24,11,7,6,57,44,13,0,5),(387,'br',37,4,13,7.80000,6,126,7,27,24,6,9,9,35,39,-4,0,5),(388,'br',38,4,16,7.10000,6,124,8,29,25,8,5,12,43,50,-7,0,5),(389,'br',39,1,18,4.46667,9,468,2,78,46,23,9,14,84,73,11,2,5),(390,'br',40,2,16,8.40000,6,106,10,33,23,9,6,8,38,39,-1,0,5),(391,'br',41,1,15,10.40000,6,72,12,25,22,6,7,9,37,38,-1,1,5),(392,'br',42,4,14,8.50000,6,101,11,26,23,6,8,9,31,32,-1,0,5),(393,'br',43,10,16,12.75000,4,0,16,10,12,2,4,6,14,18,-4,0,5),(394,'br',44,4,11,6.60000,6,148,4,37,25,11,4,10,35,38,-3,0,5),(395,'br',45,2,15,6.38889,10,377,3,61,47,17,10,20,74,80,-6,0,5),(396,'br',46,2,20,11.40000,6,43,14,15,21,3,6,12,17,37,-20,0,5),(397,'br',47,1,12,4.21111,10,562,1,82,49,23,13,13,97,78,19,2,5),(398,'br',73,1,12,6.70000,6,106,9,33,22,9,6,7,30,29,1,1,5),(399,'br',74,7,15,11.20000,5,22,15,19,16,5,4,7,25,26,-1,0,5),(400,'br',91,2,19,11.80000,6,65,13,20,22,6,2,14,29,46,-17,0,5),(401,'br',92,1,13,9.20000,6,144,5,48,25,15,3,7,49,38,11,1,5),(402,'br',110,9,17,13.00000,2,0,17,5,6,1,2,3,6,9,-3,0,5),(403,'br',113,15,15,15.00000,1,0,20,3,3,1,0,2,4,8,-4,0,5),(404,'br',114,9,9,9.00000,1,0,18,6,3,2,0,1,4,3,1,0,5),(405,'br',115,11,11,11.00000,1,0,19,6,3,2,0,1,9,7,2,0,5),(406,'br',36,2,13,8.08333,7,136,8,50,28,14,8,6,68,47,21,0,6),(407,'br',37,1,13,4.50000,9,391,4,68,42,19,11,12,85,70,15,1,6),(408,'br',38,4,16,6.83333,7,146,6,37,30,10,7,13,59,57,2,0,6),(409,'br',39,1,19,5.16667,10,468,2,81,49,24,9,16,87,78,9,2,6),(410,'br',40,2,16,8.33333,7,122,9,41,27,11,8,8,49,46,3,0,6),(411,'br',41,1,23,11.50000,7,72,14,26,25,6,8,11,41,48,-7,1,6),(412,'br',42,4,14,8.33333,7,120,10,32,28,7,11,10,42,43,-1,0,6),(413,'br',43,10,16,12.60000,5,10,20,14,16,3,5,8,21,27,-6,0,6),(414,'br',44,4,15,7.25000,7,152,5,40,29,12,4,13,42,47,-5,0,6),(415,'br',45,2,15,6.27778,11,405,3,69,52,19,12,21,85,86,-1,0,6),(416,'br',46,2,20,11.83333,7,43,15,16,24,3,7,14,19,41,-22,0,6),(417,'br',47,1,12,4.55556,12,599,1,100,59,28,16,15,121,93,28,2,6),(418,'br',73,1,20,7.66667,7,106,11,35,25,9,8,8,33,35,-2,1,6),(419,'br',74,7,15,11.66667,6,28,17,25,20,7,4,9,35,33,2,0,6),(420,'br',91,2,19,11.66667,7,79,13,28,26,8,4,14,37,51,-14,0,6),(421,'br',92,1,17,10.16667,7,144,7,51,28,15,6,7,54,43,11,1,6),(422,'br',110,6,17,10.66667,3,25,18,10,11,2,4,5,17,18,-1,0,6),(423,'br',113,4,15,6.75000,3,96,12,16,16,4,4,8,20,30,-10,0,6),(424,'br',114,9,22,15.50000,2,0,22,7,6,2,1,3,6,8,-2,0,6),(425,'br',115,11,21,16.00000,2,0,23,8,6,2,2,2,13,16,-3,0,6),(426,'br',124,11,11,11.00000,1,12,19,7,4,2,1,1,7,7,0,0,6),(427,'br',125,24,24,24.00000,1,0,24,0,3,0,0,3,0,12,-12,0,6),(428,'br',126,2,16,9.00000,2,43,16,14,10,3,5,2,15,13,2,0,6),(429,'br',127,16,16,16.00000,1,2,21,4,4,1,1,2,4,9,-5,0,6),(430,'br',36,2,17,8.71429,8,136,9,53,31,15,8,8,71,54,17,0,7),(431,'br',37,1,20,5.14286,10,391,4,70,45,19,13,13,88,74,14,1,7),(432,'br',38,4,16,7.21429,8,150,8,44,34,12,8,14,70,63,7,0,7),(433,'br',39,1,19,5.14286,11,487,2,88,54,26,10,18,92,87,5,2,7),(434,'br',40,2,16,8.32143,9,185,6,60,37,16,12,9,64,55,9,0,7),(435,'br',41,1,23,11.92857,8,72,16,28,28,6,10,12,41,49,-8,1,7),(436,'br',42,4,24,9.35714,8,120,10,32,31,7,11,13,42,50,-8,0,7),(437,'br',43,9,16,12.00000,6,26,21,20,20,4,8,8,24,29,-5,0,7),(438,'br',44,4,15,7.57143,8,160,7,47,33,14,5,14,51,53,-2,0,7),(439,'br',45,2,15,6.53175,12,415,3,78,56,22,12,22,91,88,3,0,7),(440,'br',46,2,22,12.42857,8,43,17,17,27,3,8,16,22,49,-27,0,7),(441,'br',47,1,12,4.85714,13,613,1,105,63,29,18,16,131,101,30,2,7),(442,'br',73,1,21,8.42857,8,106,12,36,28,9,9,10,38,42,-4,1,7),(443,'br',74,7,23,13.28571,7,28,20,26,23,7,5,11,36,40,-4,0,7),(444,'br',91,2,19,11.85714,8,85,14,32,30,9,5,16,41,55,-14,0,7),(445,'br',92,1,17,10.21429,9,202,5,70,39,21,7,11,77,66,11,2,7),(446,'br',110,2,17,7.25000,5,118,11,28,23,7,7,9,36,36,0,0,7),(447,'br',113,4,16,7.83333,4,98,13,23,20,6,5,9,25,35,-10,0,7),(448,'br',114,9,22,16.66667,3,0,24,9,9,2,3,4,9,12,-3,0,7),(449,'br',115,7,21,13.00000,3,22,23,15,11,4,3,4,21,28,-7,0,7),(450,'br',124,11,11,11.00000,2,24,22,11,8,3,2,3,12,11,1,0,7),(451,'br',125,4,24,18.00000,3,32,19,10,13,2,4,7,16,32,-16,0,7),(452,'br',126,2,20,10.25000,4,80,15,31,20,8,7,5,34,35,-1,0,7),(453,'br',127,5,16,12.25000,3,42,18,18,13,5,3,5,24,22,2,0,7),(454,'co',89,10,10,10.00000,1,0,1,1,3,0,1,2,1,4,-3,0,1),(455,'co',89,6,10,8.00000,2,50,1,6,7,1,3,3,5,7,-2,0,2),(456,'co',89,6,10,8.33333,3,50,1,8,10,1,5,4,8,11,-3,0,3),(457,'co',89,6,12,9.25000,4,50,1,9,13,1,6,6,9,15,-6,0,4),(458,'co',89,6,12,9.80000,5,50,1,12,16,2,6,8,14,23,-9,0,5),(459,'co',118,14,14,14.00000,1,0,2,3,3,1,0,2,4,6,-2,0,5),(460,'co',89,6,12,10.16667,6,50,2,16,19,3,7,9,16,25,-9,0,6),(461,'co',118,3,14,6.25000,3,170,1,19,14,6,1,7,23,27,-4,0,6),(462,'co',129,8,8,8.00000,1,38,3,6,4,2,0,2,4,8,-4,0,6),(463,'co',89,6,23,12.00000,7,50,2,16,22,3,7,12,21,34,-13,0,7),(464,'co',118,2,14,5.91667,5,256,1,33,24,10,3,11,37,43,-6,0,7),(465,'co',129,8,17,12.50000,2,38,3,9,7,3,0,4,7,16,-9,0,7),(466,'ep',63,5,5,5.00000,1,56,1,5,4,1,2,1,4,5,-1,0,1),(467,'ep',71,11,11,11.00000,1,0,2,0,3,0,0,3,0,4,-4,0,1),(468,'ep',63,5,7,6.00000,2,100,1,11,8,3,2,3,14,10,4,0,2),(469,'ep',71,9,11,10.00000,2,0,2,3,6,1,0,5,3,10,-7,0,2),(470,'ep',63,5,11,7.66667,3,100,1,13,11,3,4,4,18,18,0,0,3),(471,'ep',71,9,12,10.66667,3,0,2,3,9,1,0,8,4,17,-13,0,3),(472,'ep',63,3,11,5.75000,5,174,1,25,20,6,7,7,30,31,-1,0,4),(473,'ep',71,9,12,10.66667,3,0,2,3,9,1,0,8,4,17,-13,0,4),(474,'ep',63,1,11,4.70000,7,385,1,48,31,13,9,9,57,47,10,1,5),(475,'ep',71,9,15,11.75000,4,0,2,3,12,1,0,11,7,23,-16,0,5),(476,'ep',120,14,14,14.00000,1,0,3,1,3,0,1,2,2,6,-4,0,5),(477,'ep',63,1,16,5.58333,8,389,1,55,35,15,10,10,66,57,9,1,6),(478,'ep',71,8,15,11.00000,5,38,2,10,17,3,1,13,18,31,-13,0,6),(479,'ep',120,14,17,15.50000,2,0,3,4,6,1,1,4,4,11,-7,0,6),(480,'ep',63,1,16,6.21429,9,393,1,57,38,15,12,11,70,62,8,1,7),(481,'ep',71,8,22,12.83333,6,38,2,12,20,3,3,14,20,36,-16,0,7),(482,'ep',120,9,17,13.33333,3,32,3,11,10,3,2,5,11,18,-7,0,7),(483,'es',50,1,1,1.00000,1,150,1,13,6,4,1,1,13,9,4,1,1),(484,'es',51,5,5,5.00000,1,84,2,3,4,0,3,1,7,8,-1,0,1),(485,'es',68,8,8,8.00000,1,57,5,4,4,1,1,2,2,7,-5,0,1),(486,'es',94,9,9,9.00000,1,0,6,1,3,0,1,2,4,7,-3,0,1),(487,'es',95,7,7,7.00000,1,66,4,2,4,0,2,2,2,5,-3,0,1),(488,'es',96,6,6,6.00000,1,75,3,6,4,2,0,2,7,8,-1,0,1),(489,'es',50,1,1,1.00000,2,300,1,24,12,7,3,2,24,17,7,2,2),(490,'es',51,5,11,8.00000,2,84,3,4,7,0,4,3,10,15,-5,0,2),(491,'es',68,5,8,6.50000,2,141,2,11,8,3,2,3,10,12,-2,0,2),(492,'es',94,6,9,7.50000,2,75,4,5,7,1,2,4,11,14,-3,0,2),(493,'es',95,7,10,8.50000,2,66,6,5,7,1,2,4,5,10,-5,0,2),(494,'es',96,6,12,9.00000,2,75,5,6,7,2,0,5,12,17,-5,0,2),(495,'es',50,1,4,2.00000,3,396,1,33,18,10,3,5,36,29,7,2,3),(496,'es',51,1,11,5.66667,3,234,2,18,13,4,6,3,21,22,-1,1,3),(497,'es',68,5,11,8.00000,3,141,3,12,11,3,3,5,13,18,-5,0,3),(498,'es',94,6,9,7.66667,3,132,5,11,11,3,2,6,17,21,-4,0,3),(499,'es',95,7,10,9.00000,3,66,6,7,10,1,4,5,8,15,-7,0,3),(500,'es',96,6,12,8.33333,3,141,4,9,11,3,0,8,15,23,-8,0,3),(501,'es',50,1,4,1.75000,4,546,1,45,24,13,6,5,50,37,13,3,4),(502,'es',51,1,11,5.50000,4,318,2,23,17,5,8,4,29,28,1,1,4),(503,'es',68,5,11,7.50000,4,216,4,18,15,5,3,7,16,24,-8,0,4),(504,'es',94,6,9,7.75000,4,189,5,18,15,5,3,7,25,26,-1,0,4),(505,'es',95,7,10,9.25000,4,66,6,8,13,1,5,7,9,20,-11,0,4),(506,'es',96,3,12,7.00000,4,252,3,20,17,6,2,9,26,28,-2,0,4),(507,'es',50,1,4,2.00000,5,657,1,57,30,16,9,5,59,41,18,3,5),(508,'es',51,1,20,8.40000,5,318,2,23,20,5,8,7,33,40,-7,1,5),(509,'es',68,5,11,7.00000,5,300,3,24,19,6,6,7,19,26,-7,0,5),(510,'es',94,6,9,7.80000,5,246,5,24,19,7,3,9,33,31,2,0,5),(511,'es',95,7,18,11.00000,5,66,7,10,16,1,7,8,11,24,-13,0,5),(512,'es',96,3,14,8.40000,5,252,4,23,20,7,2,11,30,33,-3,0,5),(513,'es',141,19,19,19.00000,1,0,10,1,3,0,1,2,3,9,-6,0,5),(514,'es',142,1,1,1.00000,1,150,6,16,6,5,1,0,13,5,8,1,5),(515,'es',144,15,15,15.00000,1,0,8,3,3,1,0,2,4,7,-3,0,5),(516,'es',145,17,17,17.00000,1,0,9,3,3,1,0,2,1,5,-4,0,5),(517,'es',50,1,4,1.83333,6,807,1,71,36,20,11,5,72,46,26,4,6),(518,'es',51,1,20,8.00000,6,393,2,30,24,7,9,8,43,47,-4,1,6),(519,'es',68,5,11,7.00000,6,366,3,31,23,8,7,8,25,30,-5,0,6),(520,'es',94,5,9,7.33333,6,330,4,29,23,8,5,10,42,38,4,0,6),(521,'es',95,7,18,12.16667,6,66,7,11,19,1,8,10,15,33,-18,0,6),(522,'es',96,3,14,8.33333,6,309,5,28,24,8,4,12,37,40,-3,0,6),(523,'es',141,13,19,16.00000,2,0,9,4,6,0,4,2,9,15,-6,0,6),(524,'es',142,1,12,6.50000,2,150,6,19,9,6,1,2,17,13,4,1,6),(525,'es',144,15,19,17.00000,2,0,10,4,6,1,1,4,8,17,-9,0,6),(526,'es',145,15,17,16.00000,2,0,8,5,6,1,2,3,2,9,-7,0,6),(527,'eu',57,10,10,10.00000,1,0,10,1,3,0,1,2,3,6,-3,0,1),(528,'eu',58,3,8,5.50000,2,74,4,13,9,4,1,4,14,14,0,0,1),(529,'eu',60,7,7,7.00000,1,44,7,4,4,1,1,2,7,9,-2,0,1),(530,'eu',61,6,6,6.00000,1,50,6,6,4,2,0,2,4,3,1,0,1),(531,'eu',63,5,5,5.00000,1,56,5,5,4,1,2,1,4,5,-1,0,1),(532,'eu',64,12,12,12.00000,1,0,12,0,3,0,0,3,3,8,-5,0,1),(533,'eu',71,11,11,11.00000,1,0,11,0,3,0,0,3,0,4,-4,0,1),(534,'eu',79,2,6,4.00000,2,86,3,12,9,3,3,3,7,11,-4,0,1),(535,'eu',80,1,2,1.50000,2,229,1,27,11,8,3,0,25,6,19,1,1),(536,'eu',81,8,8,8.00000,1,38,8,6,4,2,0,2,6,8,-2,0,1),(537,'eu',82,9,9,9.00000,1,0,9,4,3,1,1,1,3,4,-1,0,1),(538,'eu',83,4,4,4.00000,2,160,2,15,11,4,3,4,19,20,-1,0,1),(539,'eu',57,8,10,9.00000,2,38,10,8,7,2,2,3,12,14,-2,0,2),(540,'eu',58,2,8,4.00000,4,277,2,31,20,9,4,7,33,29,4,0,2),(541,'eu',59,4,8,6.00000,2,64,8,10,9,2,4,3,9,10,-1,0,2),(542,'eu',60,2,7,4.25000,3,226,3,23,15,7,2,6,26,23,3,0,2),(543,'eu',61,6,10,8.00000,2,50,9,9,7,3,0,4,7,9,-2,0,2),(544,'eu',63,5,7,6.00000,2,100,7,11,8,3,2,3,14,10,4,0,2),(545,'eu',64,12,12,12.00000,1,0,13,0,3,0,0,3,3,8,-5,0,2),(546,'eu',71,9,11,10.00000,2,0,12,3,6,1,0,5,3,10,-7,0,2),(547,'eu',79,2,6,5.00000,3,136,6,15,13,4,3,6,12,18,-6,0,2),(548,'eu',80,1,5,2.50000,3,285,1,32,15,9,5,1,29,10,19,1,2),(549,'eu',81,1,8,4.75000,3,138,5,21,13,6,3,4,21,22,-1,1,2),(550,'eu',82,9,11,10.00000,2,0,11,7,6,2,1,3,7,13,-6,0,2),(551,'eu',83,4,12,6.00000,3,160,4,15,14,4,3,7,21,26,-5,0,2),(552,'eu',57,8,10,9.33333,3,38,12,11,10,3,2,5,16,18,-2,0,3),(553,'eu',58,2,8,4.50000,5,327,4,37,24,11,4,9,38,34,4,0,3),(554,'eu',59,2,8,5.25000,4,150,7,24,18,6,6,6,24,25,-1,0,3),(555,'eu',60,2,7,4.16667,5,386,2,40,26,12,4,10,42,43,-1,0,3),(556,'eu',61,3,10,4.66667,4,235,5,26,18,8,2,8,26,21,5,0,3),(557,'eu',63,5,11,7.66667,3,100,9,13,11,3,4,4,18,18,0,0,3),(558,'eu',64,5,12,8.50000,2,56,10,7,7,2,1,4,11,13,-2,0,3),(559,'eu',71,9,12,10.66667,3,0,13,3,9,1,0,8,4,17,-13,0,3),(560,'eu',79,1,6,3.25000,5,386,1,36,24,10,6,8,33,30,3,2,3),(561,'eu',80,1,7,3.16667,4,329,3,38,19,11,5,3,36,19,17,1,3),(562,'eu',81,1,9,5.50000,4,138,8,23,16,6,5,5,25,28,-3,1,3),(563,'eu',82,8,11,9.33333,3,38,11,16,10,5,1,4,16,20,-4,0,3),(564,'eu',83,4,12,6.00000,3,160,6,15,14,4,3,7,21,26,-5,0,3),(565,'eu',57,8,12,10.00000,4,38,12,11,13,3,2,8,19,24,-5,0,4),(566,'eu',58,2,8,4.75000,6,377,4,42,28,12,6,10,45,39,6,0,4),(567,'eu',59,2,8,6.08333,5,188,8,31,22,8,7,7,31,29,2,0,4),(568,'eu',60,2,10,4.87500,6,386,3,42,29,12,6,11,44,47,-3,0,4),(569,'eu',61,1,10,5.00000,6,335,6,42,27,13,3,11,42,34,8,1,4),(570,'eu',63,3,11,5.75000,5,174,9,25,20,6,7,7,30,31,-1,0,4),(571,'eu',64,5,12,8.66667,3,56,10,10,10,2,4,4,14,16,-2,0,4),(572,'eu',71,9,12,10.66667,3,0,13,3,9,1,0,8,4,17,-13,0,4),(573,'eu',79,1,6,3.91667,7,442,1,46,31,13,7,11,46,44,2,2,4),(574,'eu',80,1,7,3.12500,5,393,2,46,25,13,7,5,46,30,16,1,4),(575,'eu',81,1,9,4.50000,6,335,5,40,27,11,7,9,41,47,-6,1,4),(576,'eu',82,8,11,9.75000,4,38,11,17,13,5,2,6,17,25,-8,0,4),(577,'eu',83,4,12,5.83333,4,204,7,21,18,6,3,9,27,32,-5,0,4),(578,'eu',57,2,12,7.20000,6,124,11,25,22,7,4,11,37,37,0,0,5),(579,'eu',58,2,9,5.20000,7,377,6,48,31,14,6,11,53,46,7,0,5),(580,'eu',59,2,8,5.79167,7,262,8,46,31,13,7,11,48,49,-1,0,5),(581,'eu',60,2,10,5.30000,7,386,3,46,32,13,7,12,50,52,-2,0,5),(582,'eu',61,1,11,5.60000,7,335,7,45,30,14,3,13,45,38,7,1,5),(583,'eu',63,1,11,4.70000,7,385,4,48,31,13,9,9,57,47,10,1,5),(584,'eu',64,2,12,4.75000,5,249,10,27,21,7,6,8,32,34,-2,0,5),(585,'eu',71,9,15,11.75000,4,0,14,3,12,1,0,11,7,23,-16,0,5),(586,'eu',79,1,8,4.36667,8,480,1,53,35,15,8,12,55,53,2,2,5),(587,'eu',80,1,13,4.00000,6,393,2,47,28,13,8,7,50,38,12,1,5),(588,'eu',81,1,9,4.70000,7,379,5,46,31,13,7,11,50,55,-5,1,5),(589,'eu',82,8,12,10.20000,5,38,13,19,16,5,4,7,24,34,-10,0,5),(590,'eu',83,4,12,5.50000,5,260,9,28,22,8,4,10,33,38,-5,0,5),(591,'eu',119,6,6,6.00000,1,50,12,6,4,2,0,2,11,10,1,0,5),(592,'eu',120,14,14,14.00000,1,0,15,1,3,0,1,2,2,6,-4,0,5),(593,'eu',121,16,16,16.00000,1,0,16,0,3,0,0,3,3,9,-6,0,5),(594,'eu',57,2,12,7.33333,7,152,12,32,26,9,5,12,46,42,4,0,6),(595,'eu',58,2,9,5.16667,8,433,3,54,36,16,6,14,66,59,7,0,6),(596,'eu',59,2,8,6.06667,8,306,8,53,36,15,8,13,59,61,-2,0,6),(597,'eu',60,2,19,6.33333,8,386,6,49,35,14,7,14,57,62,-5,0,6),(598,'eu',61,1,22,6.91667,8,335,7,46,33,14,4,15,48,44,4,1,6),(599,'eu',63,1,16,5.58333,8,389,5,55,35,15,10,10,66,57,9,1,6),(600,'eu',64,2,18,5.80000,6,249,11,29,24,7,8,9,34,37,-3,0,6),(601,'eu',71,8,15,11.00000,5,38,16,10,17,3,1,13,18,31,-13,0,6),(602,'eu',79,1,8,4.45833,10,554,1,70,45,20,10,15,75,68,7,2,6),(603,'eu',80,1,23,5.41667,7,393,4,47,31,13,8,10,50,46,4,1,6),(604,'eu',81,1,9,4.41667,9,554,2,64,43,18,10,15,71,72,-1,1,6),(605,'eu',82,8,12,10.33333,6,62,14,23,20,6,5,9,32,40,-8,0,6),(606,'eu',83,4,20,6.80000,6,260,10,31,25,9,4,12,39,48,-9,0,6),(607,'eu',119,1,6,2.50000,3,286,9,35,16,11,2,3,37,24,13,1,6),(608,'eu',120,14,17,15.50000,2,0,22,4,6,1,1,4,4,11,-7,0,6),(609,'eu',121,16,24,20.00000,2,0,23,0,6,0,0,6,4,20,-16,0,6),(610,'eu',122,12,12,12.00000,1,20,18,6,4,2,0,2,10,7,3,0,6),(611,'eu',123,14,14,14.00000,1,12,20,9,4,3,0,1,8,4,4,0,6),(612,'eu',132,9,9,9.00000,1,32,17,7,4,2,1,1,10,7,3,0,6),(613,'eu',133,15,15,15.00000,1,8,21,7,4,2,1,1,5,3,2,0,6),(614,'eu',134,13,13,13.00000,1,16,19,5,4,1,2,1,5,6,-1,0,6),(615,'eu',135,1,8,4.50000,2,100,13,11,10,2,5,3,17,21,-4,1,6),(616,'eu',136,6,6,6.00000,1,50,15,10,5,3,1,1,11,8,3,0,6),(617,'eu',137,21,21,21.00000,1,0,24,2,3,0,2,1,2,3,-1,0,6),(618,'eu',57,2,12,7.57143,8,172,13,37,30,10,7,13,54,49,5,0,7),(619,'eu',58,2,18,6.07143,9,433,5,56,39,16,8,15,72,67,5,0,7),(620,'eu',59,2,8,5.75000,10,380,8,71,46,20,11,15,77,74,3,0,7),(621,'eu',60,2,19,6.00000,9,450,4,64,42,19,7,16,74,75,-1,0,7),(622,'eu',61,1,22,6.91667,8,335,9,46,33,14,4,15,48,44,4,1,7),(623,'eu',63,1,16,6.21429,9,393,6,57,38,15,12,11,70,62,8,1,7),(624,'eu',64,2,18,5.58333,7,293,10,35,29,8,11,10,45,48,-3,0,7),(625,'eu',71,8,22,12.83333,6,38,19,12,20,3,3,14,20,36,-16,0,7),(626,'eu',79,1,14,5.16071,11,566,2,76,49,22,10,17,81,73,8,2,7),(627,'eu',80,1,23,5.41667,7,393,7,47,31,13,8,10,50,46,4,1,7),(628,'eu',81,1,9,3.85714,11,790,1,88,55,25,13,17,91,81,10,2,7),(629,'eu',82,8,17,11.28571,7,62,16,26,23,6,8,9,38,46,-8,0,7),(630,'eu',83,4,20,6.80000,6,260,12,31,25,9,4,12,39,48,-9,0,7),(631,'eu',119,1,6,3.16667,5,453,3,52,26,16,4,6,49,34,15,1,7),(632,'eu',120,9,17,13.33333,3,32,20,11,10,3,2,5,11,18,-7,0,7),(633,'eu',121,16,24,20.00000,2,0,25,0,6,0,0,6,4,20,-16,0,7),(634,'eu',122,8,12,10.00000,2,58,17,8,7,2,2,3,12,10,2,0,7),(635,'eu',123,14,19,16.50000,2,12,23,12,7,4,0,3,10,7,3,0,7),(636,'eu',132,8,9,8.50000,2,70,15,15,9,4,3,2,20,12,8,0,7),(637,'eu',133,6,15,10.50000,2,58,18,14,9,4,2,3,10,8,2,0,7),(638,'eu',134,13,24,18.50000,2,16,21,5,7,1,2,4,6,11,-5,0,7),(639,'eu',135,1,15,8.00000,3,108,14,17,14,4,5,5,22,27,-5,1,7),(640,'eu',136,1,6,2.75000,3,279,11,30,17,8,6,3,22,17,5,1,7),(641,'eu',137,16,21,18.50000,2,4,24,6,7,1,3,3,4,10,-6,0,7),(642,'eu',147,23,23,23.00000,1,0,26,0,3,0,0,3,2,5,-3,0,7),(643,'eu',149,13,13,13.00000,1,16,22,3,4,1,0,3,4,10,-6,0,7),(644,'in',79,2,6,4.00000,2,86,1,12,9,3,3,3,7,11,-4,0,1),(645,'in',79,2,6,5.00000,3,136,1,15,13,4,3,6,12,18,-6,0,2),(646,'in',79,1,6,3.25000,5,386,1,36,24,10,6,8,33,30,3,2,3),(647,'in',79,1,6,3.91667,7,442,1,46,31,13,7,11,46,44,2,2,4),(648,'in',79,1,8,4.36667,8,480,1,53,35,15,8,12,55,53,2,2,5),(649,'in',119,6,6,6.00000,1,50,2,6,4,2,0,2,11,10,1,0,5),(650,'in',79,1,8,4.45833,10,554,1,70,45,20,10,15,75,68,7,2,6),(651,'in',119,1,6,2.50000,3,286,2,35,16,11,2,3,37,24,13,1,6),(652,'in',132,9,9,9.00000,1,32,3,7,4,2,1,1,10,7,3,0,6),(653,'in',79,1,14,5.16071,11,566,1,76,49,22,10,17,81,73,8,2,7),(654,'in',119,1,6,3.16667,5,453,2,52,26,16,4,6,49,34,15,1,7),(655,'in',132,8,9,8.50000,2,70,3,15,9,4,3,2,20,12,8,0,7),(656,'it',57,10,10,10.00000,1,0,3,1,3,0,1,2,3,6,-3,0,1),(657,'it',58,3,8,5.50000,2,74,2,13,9,4,1,4,14,14,0,0,1),(658,'it',83,4,4,4.00000,2,160,1,15,11,4,3,4,19,20,-1,0,1),(659,'it',57,8,10,9.00000,2,38,4,8,7,2,2,3,12,14,-2,0,2),(660,'it',58,2,8,4.00000,4,277,1,31,20,9,4,7,33,29,4,0,2),(661,'it',59,4,8,6.00000,2,64,3,10,9,2,4,3,9,10,-1,0,2),(662,'it',83,4,12,6.00000,3,160,2,15,14,4,3,7,21,26,-5,0,2),(663,'it',57,8,10,9.33333,3,38,4,11,10,3,2,5,16,18,-2,0,3),(664,'it',58,2,8,4.50000,5,327,1,37,24,11,4,9,38,34,4,0,3),(665,'it',59,2,8,5.25000,4,150,3,24,18,6,6,6,24,25,-1,0,3),(666,'it',83,4,12,6.00000,3,160,2,15,14,4,3,7,21,26,-5,0,3),(667,'it',57,8,12,10.00000,4,38,4,11,13,3,2,8,19,24,-5,0,4),(668,'it',58,2,8,4.75000,6,377,1,42,28,12,6,10,45,39,6,0,4),(669,'it',59,2,8,6.08333,5,188,3,31,22,8,7,7,31,29,2,0,4),(670,'it',83,4,12,5.83333,4,204,2,21,18,6,3,9,27,32,-5,0,4),(671,'it',57,2,12,7.20000,6,124,4,25,22,7,4,11,37,37,0,0,5),(672,'it',58,2,9,5.20000,7,377,1,48,31,14,6,11,53,46,7,0,5),(673,'it',59,2,8,5.79167,7,262,2,46,31,13,7,11,48,49,-1,0,5),(674,'it',83,4,12,5.50000,5,260,3,28,22,8,4,10,33,38,-5,0,5),(675,'it',57,2,12,7.33333,7,152,4,32,26,9,5,12,46,42,4,0,6),(676,'it',58,2,9,5.16667,8,433,1,54,36,16,6,14,66,59,7,0,6),(677,'it',59,2,8,6.06667,8,306,2,53,36,15,8,13,59,61,-2,0,6),(678,'it',83,4,20,6.80000,6,260,3,31,25,9,4,12,39,48,-9,0,6),(679,'it',123,14,14,14.00000,1,12,7,9,4,3,0,1,8,4,4,0,6),(680,'it',135,1,8,4.50000,2,100,5,11,10,2,5,3,17,21,-4,1,6),(681,'it',136,6,6,6.00000,1,50,6,10,5,3,1,1,11,8,3,0,6),(682,'it',57,2,12,7.57143,8,172,5,37,30,10,7,13,54,49,5,0,7),(683,'it',58,2,18,6.07143,9,433,1,56,39,16,8,15,72,67,5,0,7),(684,'it',59,2,8,5.75000,10,380,2,71,46,20,11,15,77,74,3,0,7),(685,'it',83,4,20,6.80000,6,260,4,31,25,9,4,12,39,48,-9,0,7),(686,'it',123,14,19,16.50000,2,12,7,12,7,4,0,3,10,7,3,0,7),(687,'it',135,1,15,8.00000,3,108,6,17,14,4,5,5,22,27,-5,1,7),(688,'it',136,1,6,2.75000,3,279,3,30,17,8,6,3,22,17,5,1,7),(689,'ms',49,10,10,10.00000,1,0,10,1,3,0,1,2,4,6,-2,0,1),(690,'ms',50,1,1,1.00000,1,150,1,13,6,4,1,1,13,9,4,1,1),(691,'ms',51,5,5,5.00000,1,84,5,3,4,0,3,1,7,8,-1,0,1),(692,'ms',52,11,11,11.00000,1,0,11,1,3,0,1,2,3,5,-2,0,1),(693,'ms',53,2,2,2.00000,1,129,2,15,6,5,0,1,11,7,4,0,1),(694,'ms',56,12,12,12.00000,1,0,12,1,3,0,1,2,4,8,-4,0,1),(695,'ms',65,4,4,4.00000,1,96,4,12,6,4,0,2,14,8,6,0,1),(696,'ms',68,8,8,8.00000,1,57,8,4,4,1,1,2,2,7,-5,0,1),(697,'ms',93,3,3,3.00000,1,111,3,13,6,4,1,1,16,9,7,0,1),(698,'ms',94,9,9,9.00000,1,0,9,1,3,0,1,2,4,7,-3,0,1),(699,'ms',95,7,7,7.00000,1,66,7,2,4,0,2,2,2,5,-3,0,1),(700,'ms',96,6,6,6.00000,1,75,6,6,4,2,0,2,7,8,-1,0,1),(701,'ms',49,8,10,9.00000,2,57,11,6,7,1,3,3,11,13,-2,0,2),(702,'ms',50,1,1,1.00000,2,300,1,24,12,7,3,2,24,17,7,2,2),(703,'ms',51,5,11,8.00000,2,84,6,4,7,0,4,3,10,15,-5,0,2),(704,'ms',52,9,11,10.00000,2,0,12,5,6,1,2,3,7,11,-4,0,2),(705,'ms',53,2,2,2.00000,2,258,2,24,12,7,3,2,21,15,6,0,2),(706,'ms',56,7,12,9.50000,2,66,10,10,7,3,1,3,13,14,-1,0,2),(707,'ms',65,4,4,4.00000,2,192,4,20,12,6,2,4,23,17,6,0,2),(708,'ms',68,5,8,6.50000,2,141,5,11,8,3,2,3,10,12,-2,0,2),(709,'ms',93,3,3,3.00000,2,222,3,22,12,6,4,2,25,17,8,0,2),(710,'ms',94,6,9,7.50000,2,75,7,5,7,1,2,4,11,14,-3,0,2),(711,'ms',95,7,10,8.50000,2,66,9,5,7,1,2,4,5,10,-5,0,2),(712,'ms',96,6,12,9.00000,2,75,8,6,7,2,0,5,12,17,-5,0,2),(713,'ms',49,3,10,7.00000,3,168,6,19,13,5,4,4,23,20,3,0,3),(714,'ms',50,1,4,2.00000,3,396,1,33,18,10,3,5,36,29,7,2,3),(715,'ms',51,1,11,5.66667,3,234,5,18,13,4,6,3,21,22,-1,1,3),(716,'ms',52,9,11,9.66667,3,0,12,8,9,1,5,3,10,14,-4,0,3),(717,'ms',53,2,6,3.33333,3,333,2,29,16,8,5,3,26,20,6,0,3),(718,'ms',56,7,12,10.33333,3,66,11,10,10,3,1,6,18,24,-6,0,3),(719,'ms',65,2,4,3.33333,3,321,3,32,18,10,2,6,34,23,11,0,3),(720,'ms',68,5,11,8.00000,3,141,7,12,11,3,3,5,13,18,-5,0,3),(721,'ms',93,3,5,3.66667,3,306,4,26,16,7,5,4,30,22,8,0,3),(722,'ms',94,6,9,7.66667,3,132,9,11,11,3,2,6,17,21,-4,0,3),(723,'ms',95,7,10,9.00000,3,66,10,7,10,1,4,5,8,15,-7,0,3),(724,'ms',96,6,12,8.33333,3,141,8,9,11,3,0,8,15,23,-8,0,3),(725,'ms',49,3,10,6.25000,4,264,6,29,19,8,5,6,31,28,3,0,4),(726,'ms',50,1,4,1.75000,4,546,1,45,24,13,6,5,50,37,13,3,4),(727,'ms',51,1,11,5.50000,4,318,4,23,17,5,8,4,29,28,1,1,4),(728,'ms',52,2,11,7.75000,4,129,10,16,15,3,7,5,21,24,-3,0,4),(729,'ms',53,2,12,5.50000,4,333,3,29,19,8,5,6,28,28,0,0,4),(730,'ms',56,7,12,10.50000,4,66,12,10,13,3,1,9,20,31,-11,0,4),(731,'ms',65,2,7,4.25000,4,387,2,39,22,12,3,7,41,30,11,0,4),(732,'ms',68,5,11,7.50000,4,216,8,18,15,5,3,7,16,24,-8,0,4),(733,'ms',93,3,9,5.00000,4,306,5,30,19,8,6,5,33,25,8,0,4),(734,'ms',94,6,9,7.75000,4,189,9,18,15,5,3,7,25,26,-1,0,4),(735,'ms',95,7,10,9.25000,4,66,11,8,13,1,5,7,9,20,-11,0,4),(736,'ms',96,3,12,7.00000,4,252,7,20,17,6,2,9,26,28,-2,0,4),(737,'ms',49,3,11,7.20000,5,264,7,35,22,10,5,7,38,34,4,0,5),(738,'ms',50,1,4,2.00000,5,657,1,57,30,16,9,5,59,41,18,3,5),(739,'ms',51,1,20,8.40000,5,318,4,23,20,5,8,7,33,40,-7,1,5),(740,'ms',52,2,12,8.60000,5,129,11,20,18,4,8,6,22,25,-3,0,5),(741,'ms',53,2,12,4.80000,5,462,2,40,25,11,7,7,39,37,2,0,5),(742,'ms',56,7,13,11.00000,5,66,14,13,16,4,1,11,26,36,-10,0,5),(743,'ms',65,2,10,5.40000,5,387,3,42,25,13,3,9,46,35,11,0,5),(744,'ms',68,5,11,7.00000,5,300,6,24,19,6,6,7,19,26,-7,0,5),(745,'ms',93,3,9,5.80000,5,306,5,34,22,9,7,6,37,28,9,0,5),(746,'ms',94,6,9,7.80000,5,246,9,24,19,7,3,9,33,31,2,0,5),(747,'ms',95,7,18,11.00000,5,66,15,10,16,1,7,8,11,24,-13,0,5),(748,'ms',96,3,14,8.40000,5,252,8,23,20,7,2,11,30,33,-3,0,5),(749,'ms',138,4,4,4.00000,1,96,12,10,6,3,1,2,8,5,3,0,5),(750,'ms',139,16,16,16.00000,1,0,18,3,3,1,0,2,4,7,-3,0,5),(751,'ms',140,6,6,6.00000,1,75,13,6,4,2,0,2,7,5,2,0,5),(752,'ms',141,19,19,19.00000,1,0,20,1,3,0,1,2,3,9,-6,0,5),(753,'ms',142,1,1,1.00000,1,150,10,16,6,5,1,0,13,5,8,1,5),(754,'ms',143,7,7,7.00000,1,66,16,4,4,1,1,2,5,5,0,0,5),(755,'ms',144,15,15,15.00000,1,0,17,3,3,1,0,2,4,7,-3,0,5),(756,'ms',145,17,17,17.00000,1,0,19,3,3,1,0,2,1,5,-4,0,5),(757,'ms',49,3,11,6.50000,6,375,5,47,28,14,5,9,51,42,9,0,6),(758,'ms',50,1,4,1.83333,6,807,1,71,36,20,11,5,72,46,26,4,6),(759,'ms',51,1,20,8.00000,6,393,3,30,24,7,9,8,43,47,-4,1,6),(760,'ms',52,2,12,8.66667,6,129,12,24,21,5,9,7,25,28,-3,0,6),(761,'ms',53,2,12,4.66667,6,558,2,51,31,14,9,8,54,47,7,0,6),(762,'ms',56,7,13,11.00000,6,66,14,16,19,5,1,13,31,40,-9,0,6),(763,'ms',65,2,14,6.83333,6,387,4,44,28,13,5,10,49,39,10,0,6),(764,'ms',68,5,11,7.00000,6,366,6,31,23,8,7,8,25,30,-5,0,6),(765,'ms',93,3,10,6.50000,6,306,9,38,25,10,8,7,42,34,8,0,6),(766,'ms',94,5,9,7.33333,6,330,7,29,23,8,5,10,42,38,4,0,6),(767,'ms',95,7,18,12.16667,6,66,15,11,19,1,8,10,15,33,-18,0,6),(768,'ms',96,3,14,8.33333,6,309,8,28,24,8,4,12,37,40,-3,0,6),(769,'ms',138,2,4,3.00000,2,225,10,25,12,8,1,3,22,11,11,0,6),(770,'ms',139,16,16,16.00000,2,0,18,4,6,1,1,4,9,16,-7,0,6),(771,'ms',140,6,17,11.50000,2,75,13,7,7,2,1,4,9,11,-2,0,6),(772,'ms',141,13,19,16.00000,2,0,19,4,6,0,4,2,9,15,-6,0,6),(773,'ms',142,1,12,6.50000,2,150,11,19,9,6,1,2,17,13,4,1,6),(774,'ms',143,7,20,13.50000,2,66,16,5,7,1,2,4,7,13,-6,0,6),(775,'ms',144,15,19,17.00000,2,0,20,4,6,1,1,4,8,17,-9,0,6),(776,'ms',145,15,17,16.00000,2,0,17,5,6,1,2,3,2,9,-7,0,6),(777,'mu',39,1,3,2.00000,2,211,3,22,11,7,1,3,17,9,8,1,1),(778,'mu',40,7,7,7.00000,1,44,13,5,4,1,2,1,7,8,-1,0,1),(779,'mu',44,6,6,6.00000,1,50,12,6,4,2,0,2,3,4,-1,0,1),(780,'mu',47,12,12,12.00000,1,0,24,0,3,0,0,3,2,8,-6,0,1),(781,'mu',48,8,8,8.00000,1,38,16,4,4,1,1,2,5,9,-4,0,1),(782,'mu',57,10,10,10.00000,1,0,19,1,3,0,1,2,3,6,-3,0,1),(783,'mu',58,3,8,5.50000,2,74,8,13,9,4,1,4,14,14,0,0,1),(784,'mu',60,7,7,7.00000,1,44,14,4,4,1,1,2,7,9,-2,0,1),(785,'mu',61,6,6,6.00000,1,50,11,6,4,2,0,2,4,3,1,0,1),(786,'mu',63,5,5,5.00000,1,56,9,5,4,1,2,1,4,5,-1,0,1),(787,'mu',64,12,12,12.00000,1,0,23,0,3,0,0,3,3,8,-5,0,1),(788,'mu',71,11,11,11.00000,1,0,22,0,3,0,0,3,0,4,-4,0,1),(789,'mu',79,2,6,4.00000,2,86,6,12,9,3,3,3,7,11,-4,0,1),(790,'mu',80,1,2,1.50000,2,229,1,27,11,8,3,0,25,6,19,1,1),(791,'mu',81,8,8,8.00000,1,38,15,6,4,2,0,2,6,8,-2,0,1),(792,'mu',82,9,9,9.00000,1,0,17,4,3,1,1,1,3,4,-1,0,1),(793,'mu',83,4,4,4.00000,2,160,4,15,11,4,3,4,19,20,-1,0,1),(794,'mu',84,3,7,5.00000,2,74,7,15,9,4,3,2,17,11,6,0,1),(795,'mu',85,2,5,3.50000,2,86,5,17,9,5,2,2,15,7,8,0,1),(796,'mu',86,11,11,11.00000,1,0,21,1,3,0,1,2,2,7,-5,0,1),(797,'mu',87,9,9,9.00000,1,0,18,3,3,1,0,2,5,3,2,0,1),(798,'mu',88,1,4,2.50000,2,214,2,18,11,5,3,3,15,15,0,1,1),(799,'mu',89,10,10,10.00000,1,0,20,1,3,0,1,2,1,4,-3,0,1),(800,'mu',90,5,5,5.00000,1,56,10,4,4,1,1,2,3,4,-1,0,1),(801,'mu',37,8,8,8.00000,1,38,23,3,4,0,3,1,4,5,-1,0,2),(802,'mu',39,1,4,2.75000,3,275,4,30,17,9,3,5,27,19,8,1,2),(803,'mu',40,7,7,7.00000,1,44,20,5,4,1,2,1,7,8,-1,0,2),(804,'mu',44,6,6,6.00000,1,50,19,6,4,2,0,2,3,4,-1,0,2),(805,'mu',45,2,3,2.50000,2,197,7,18,11,5,3,3,15,13,2,0,2),(806,'mu',47,5,12,8.50000,2,56,16,5,7,1,2,4,7,14,-7,0,2),(807,'mu',48,8,11,9.50000,2,38,22,6,7,1,3,3,8,13,-5,0,2),(808,'mu',57,8,10,9.00000,2,38,21,8,7,2,2,3,12,14,-2,0,2),(809,'mu',58,2,8,4.00000,4,277,3,31,20,9,4,7,33,29,4,0,2),(810,'mu',59,4,8,6.00000,2,64,14,10,9,2,4,3,9,10,-1,0,2),(811,'mu',60,2,7,4.25000,3,226,5,23,15,7,2,6,26,23,3,0,2),(812,'mu',61,6,10,8.00000,2,50,17,9,7,3,0,4,7,9,-2,0,2),(813,'mu',63,5,7,6.00000,2,100,13,11,8,3,2,3,14,10,4,0,2),(814,'mu',64,12,12,12.00000,1,0,27,0,3,0,0,3,3,8,-5,0,2),(815,'mu',71,9,11,10.00000,2,0,26,3,6,1,0,5,3,10,-7,0,2),(816,'mu',79,2,6,5.00000,3,136,10,15,13,4,3,6,12,18,-6,0,2),(817,'mu',80,1,5,2.50000,3,285,2,32,15,9,5,1,29,10,19,1,2),(818,'mu',81,1,8,4.75000,3,138,9,21,13,6,3,4,21,22,-1,1,2),(819,'mu',82,9,11,10.00000,2,0,25,7,6,2,1,3,7,13,-6,0,2),(820,'mu',83,4,12,6.00000,3,160,8,15,14,4,3,7,21,26,-5,0,2),(821,'mu',84,3,7,6.00000,3,118,11,19,13,5,4,4,25,19,6,0,2),(822,'mu',85,1,5,2.75000,4,310,1,41,20,12,5,3,33,18,15,1,2),(823,'mu',86,1,11,6.00000,3,100,12,17,12,5,2,5,23,24,-1,1,2),(824,'mu',87,9,10,9.50000,2,0,24,6,6,1,3,2,10,8,2,0,2),(825,'mu',88,1,9,5.25000,4,214,6,22,17,6,4,7,23,29,-6,1,2),(826,'mu',89,6,10,8.00000,2,50,18,6,7,1,3,3,5,7,-2,0,2),(827,'mu',90,5,12,8.50000,2,56,15,5,7,1,2,4,4,8,-4,0,2),(828,'mu',37,8,8,8.00000,1,38,26,3,4,0,3,1,4,5,-1,0,3),(829,'mu',39,1,7,3.50000,4,319,6,36,21,11,3,7,36,26,10,1,3),(830,'mu',40,7,7,7.00000,1,44,23,5,4,1,2,1,7,8,-1,0,3),(831,'mu',41,11,11,11.00000,1,0,28,1,3,0,1,2,4,7,-3,0,3),(832,'mu',44,6,6,6.00000,1,50,22,6,4,2,0,2,3,4,-1,0,3),(833,'mu',45,2,8,4.00000,4,271,7,28,20,8,4,8,25,27,-2,0,3),(834,'mu',47,5,12,8.50000,2,56,20,5,7,1,2,4,7,14,-7,0,3),(835,'mu',48,8,11,9.00000,3,76,18,13,11,3,4,4,16,19,-3,0,3),(836,'mu',57,8,10,9.33333,3,38,25,11,10,3,2,5,16,18,-2,0,3),(837,'mu',58,2,8,4.50000,5,327,5,37,24,11,4,9,38,34,4,0,3),(838,'mu',59,2,8,5.25000,4,150,12,24,18,6,6,6,24,25,-1,0,3),(839,'mu',60,2,7,4.16667,5,386,3,40,26,12,4,10,42,43,-1,0,3),(840,'mu',61,3,10,4.66667,4,235,9,26,18,8,2,8,26,21,5,0,3),(841,'mu',63,5,11,7.66667,3,100,17,13,11,3,4,4,18,18,0,0,3),(842,'mu',64,5,12,8.50000,2,56,19,7,7,2,1,4,11,13,-2,0,3),(843,'mu',71,9,12,10.66667,3,0,27,3,9,1,0,8,4,17,-13,0,3),(844,'mu',79,1,6,3.25000,5,386,2,36,24,10,6,8,33,30,3,2,3),(845,'mu',80,1,7,3.16667,4,329,4,38,19,11,5,3,36,19,17,1,3),(846,'mu',81,1,9,5.50000,4,138,13,23,16,6,5,5,25,28,-3,1,3),(847,'mu',82,8,11,9.33333,3,38,24,16,10,5,1,4,16,20,-4,0,3),(848,'mu',83,4,12,6.00000,3,160,11,15,14,4,3,7,21,26,-5,0,3),(849,'mu',84,3,10,6.83333,4,118,14,21,16,5,6,5,28,23,5,0,3),(850,'mu',85,1,5,2.50000,6,525,1,61,31,18,7,6,55,34,21,1,3),(851,'mu',86,1,11,5.66667,5,164,10,25,21,7,4,10,36,40,-4,1,3),(852,'mu',87,1,10,5.83333,4,100,16,17,15,3,8,4,23,20,3,1,3),(853,'mu',88,1,9,5.16667,5,264,8,30,21,8,6,7,32,36,-4,1,3),(854,'mu',89,6,10,8.33333,3,50,21,8,10,1,5,4,8,11,-3,0,3),(855,'mu',90,5,12,7.33333,3,112,15,12,11,3,3,5,12,15,-3,0,3),(856,'mu',91,12,12,12.00000,1,0,29,1,3,0,1,2,2,7,-5,0,3),(857,'mu',37,8,8,8.00000,1,38,29,3,4,0,3,1,4,5,-1,0,4),(858,'mu',39,1,7,3.50000,4,319,8,36,21,11,3,7,36,26,10,1,4),(859,'mu',40,7,7,7.00000,1,44,26,5,4,1,2,1,7,8,-1,0,4),(860,'mu',41,11,11,11.00000,1,0,32,1,3,0,1,2,4,7,-3,0,4),(861,'mu',42,7,7,7.00000,1,44,25,5,4,1,2,1,2,1,1,0,4),(862,'mu',44,6,6,6.00000,1,50,24,6,4,2,0,2,3,4,-1,0,4),(863,'mu',45,2,8,4.00000,4,271,11,28,20,8,4,8,25,27,-2,0,4),(864,'mu',46,10,10,10.00000,1,0,31,2,3,0,2,1,1,2,-1,0,4),(865,'mu',47,1,12,3.66667,4,292,10,24,18,6,6,6,30,29,1,1,4),(866,'mu',48,3,11,5.75000,5,246,12,32,22,8,8,6,38,40,-2,0,4),(867,'mu',57,8,12,10.00000,4,38,28,11,13,3,2,8,19,24,-5,0,4),(868,'mu',58,2,8,4.75000,6,377,5,42,28,12,6,10,45,39,6,0,4),(869,'mu',59,2,8,6.08333,5,188,14,31,22,8,7,7,31,29,2,0,4),(870,'mu',60,2,10,4.87500,6,386,4,42,29,12,6,11,44,47,-3,0,4),(871,'mu',61,1,10,5.00000,6,335,7,42,27,13,3,11,42,34,8,1,4),(872,'mu',63,3,11,5.75000,5,174,15,25,20,6,7,7,30,31,-1,0,4),(873,'mu',64,5,12,8.66667,3,56,21,10,10,2,4,4,14,16,-2,0,4),(874,'mu',71,9,12,10.66667,3,0,30,3,9,1,0,8,4,17,-13,0,4),(875,'mu',73,5,5,5.00000,1,56,22,4,4,1,1,2,4,6,-2,0,4),(876,'mu',79,1,6,3.91667,7,442,2,46,31,13,7,11,46,44,2,2,4),(877,'mu',80,1,7,3.12500,5,393,3,46,25,13,7,5,46,30,16,1,4),(878,'mu',81,1,9,4.50000,6,335,6,40,27,11,7,9,41,47,-6,1,4),(879,'mu',82,8,11,9.75000,4,38,27,17,13,5,2,6,17,25,-8,0,4),(880,'mu',83,4,12,5.83333,4,204,13,21,18,6,3,9,27,32,-5,0,4),(881,'mu',84,3,10,6.83333,4,118,18,21,16,5,6,5,28,23,5,0,4),(882,'mu',85,1,5,2.62500,8,718,1,74,42,21,11,10,77,54,23,1,4),(883,'mu',86,1,11,6.12500,6,164,16,27,24,7,6,11,38,45,-7,1,4),(884,'mu',87,1,10,6.00000,5,138,17,22,19,4,10,5,29,25,4,1,4),(885,'mu',88,1,9,5.12500,6,314,9,38,25,10,8,7,37,39,-2,1,4),(886,'mu',89,6,12,9.25000,4,50,23,9,13,1,6,6,9,15,-6,0,4),(887,'mu',90,5,12,8.25000,4,112,19,13,14,3,4,7,18,23,-5,0,4),(888,'mu',91,12,12,12.00000,1,0,33,1,3,0,1,2,2,7,-5,0,4),(889,'mu',109,1,8,4.50000,2,100,20,14,9,3,5,1,17,14,3,1,4),(890,'mu',36,8,8,8.00000,1,38,33,7,4,2,1,1,12,13,-1,0,5),(891,'mu',37,8,8,8.00000,1,38,34,3,4,0,3,1,4,5,-1,0,5),(892,'mu',38,4,4,4.00000,1,64,23,9,6,3,0,3,14,17,-3,0,5),(893,'mu',39,1,7,3.50000,4,319,11,36,21,11,3,7,36,26,10,1,5),(894,'mu',40,7,7,7.00000,1,44,31,5,4,1,2,1,7,8,-1,0,5),(895,'mu',41,11,11,11.00000,1,0,37,1,3,0,1,2,4,7,-3,0,5),(896,'mu',42,7,7,7.00000,1,44,30,5,4,1,2,1,2,1,1,0,5),(897,'mu',44,6,6,6.00000,1,50,27,6,4,2,0,2,3,4,-1,0,5),(898,'mu',45,2,15,6.08333,5,271,13,29,23,8,5,10,30,36,-6,0,5),(899,'mu',46,10,10,10.00000,1,0,36,2,3,0,2,1,1,2,-1,0,5),(900,'mu',47,1,12,4.41667,5,388,4,33,23,9,6,8,40,39,1,1,5),(901,'mu',48,1,11,5.35000,7,346,9,50,31,13,11,7,53,49,4,1,5),(902,'mu',57,2,12,7.20000,6,124,21,25,22,7,4,11,37,37,0,0,5),(903,'mu',58,2,9,5.20000,7,377,8,48,31,14,6,11,53,46,7,0,5),(904,'mu',59,2,8,5.79167,7,262,14,46,31,13,7,11,48,49,-1,0,5),(905,'mu',60,2,10,5.30000,7,386,5,46,32,13,7,12,50,52,-2,0,5),(906,'mu',61,1,11,5.60000,7,335,10,45,30,14,3,13,45,38,7,1,5),(907,'mu',63,1,11,4.70000,7,385,6,48,31,13,9,9,57,47,10,1,5),(908,'mu',64,2,12,4.75000,5,249,16,27,21,7,6,8,32,34,-2,0,5),(909,'mu',71,9,15,11.75000,4,0,35,3,12,1,0,11,7,23,-16,0,5),(910,'mu',73,5,5,5.00000,1,56,24,4,4,1,1,2,4,6,-2,0,5),(911,'mu',79,1,8,4.36667,8,480,2,53,35,15,8,12,55,53,2,2,5),(912,'mu',80,1,13,4.00000,6,393,3,47,28,13,8,7,50,38,12,1,5),(913,'mu',81,1,9,4.70000,7,379,7,46,31,13,7,11,50,55,-5,1,5),(914,'mu',82,8,12,10.20000,5,38,32,19,16,5,4,7,24,34,-10,0,5),(915,'mu',83,4,12,5.50000,5,260,15,28,22,8,4,10,33,38,-5,0,5),(916,'mu',84,3,10,6.62500,6,192,17,32,25,8,8,9,47,35,12,0,5),(917,'mu',85,1,5,2.40000,10,954,1,99,53,28,15,10,108,69,39,2,5),(918,'mu',86,1,11,6.50000,7,164,18,30,27,8,6,13,43,51,-8,1,5),(919,'mu',87,1,16,6.90000,6,138,20,23,22,4,11,7,33,35,-2,1,5),(920,'mu',88,1,9,5.40000,7,314,12,41,28,11,8,9,42,45,-3,1,5),(921,'mu',89,6,12,9.80000,5,50,25,12,16,2,6,8,14,23,-9,0,5),(922,'mu',90,5,12,8.80000,5,112,22,16,17,4,4,9,24,31,-7,0,5),(923,'mu',91,12,12,12.00000,1,0,38,1,3,0,1,2,2,7,-5,0,5),(924,'mu',92,13,13,13.00000,1,0,39,3,3,1,0,2,8,10,-2,0,5),(925,'mu',109,1,8,5.50000,3,156,19,18,13,4,6,3,22,21,1,1,5),(926,'mu',116,7,7,7.00000,1,44,29,6,4,2,0,2,14,14,0,0,5),(927,'mu',117,6,6,6.00000,1,50,28,5,4,1,2,1,9,8,1,0,5),(928,'mu',118,14,14,14.00000,1,0,40,3,3,1,0,2,4,6,-2,0,5),(929,'mu',119,6,6,6.00000,1,50,26,6,4,2,0,2,11,10,1,0,5),(930,'mu',120,14,14,14.00000,1,0,41,1,3,0,1,2,2,6,-4,0,5),(931,'mu',121,16,16,16.00000,1,0,42,0,3,0,0,3,3,9,-6,0,5),(932,'mu',36,8,8,8.00000,1,38,40,7,4,2,1,1,12,13,-1,0,6),(933,'mu',37,2,8,3.50000,3,253,17,27,15,8,3,4,36,25,11,0,6),(934,'mu',38,4,4,4.00000,1,64,29,9,6,3,0,3,14,17,-3,0,6),(935,'mu',39,1,7,3.50000,4,319,11,36,21,11,3,7,36,26,10,1,6),(936,'mu',40,7,7,7.00000,1,44,38,5,4,1,2,1,7,8,-1,0,6),(937,'mu',41,11,11,11.00000,1,0,50,1,3,0,1,2,4,7,-3,0,6),(938,'mu',42,7,7,7.00000,1,44,37,5,4,1,2,1,2,1,1,0,6),(939,'mu',44,6,6,6.00000,1,50,35,6,4,2,0,2,3,4,-1,0,6),(940,'mu',45,2,15,6.08333,5,271,15,29,23,8,5,10,30,36,-6,0,6),(941,'mu',46,10,10,10.00000,1,0,49,2,3,0,2,1,1,2,-1,0,6),(942,'mu',47,1,12,5.00000,6,388,7,37,26,10,7,9,46,43,3,1,6),(943,'mu',48,1,11,5.66667,8,346,9,54,34,14,12,8,56,52,4,1,6),(944,'mu',57,2,12,7.33333,7,152,23,32,26,9,5,12,46,42,4,0,6),(945,'mu',58,2,9,5.16667,8,433,4,54,36,16,6,14,66,59,7,0,6),(946,'mu',59,2,8,6.06667,8,306,13,53,36,15,8,13,59,61,-2,0,6),(947,'mu',60,2,19,6.33333,8,386,8,49,35,14,7,14,57,62,-5,0,6),(948,'mu',61,1,22,6.91667,8,335,10,46,33,14,4,15,48,44,4,1,6),(949,'mu',63,1,16,5.58333,8,389,6,55,35,15,10,10,66,57,9,1,6),(950,'mu',64,2,18,5.80000,6,249,18,29,24,7,8,9,34,37,-3,0,6),(951,'mu',71,8,15,11.00000,5,38,39,10,17,3,1,13,18,31,-13,0,6),(952,'mu',73,5,5,5.00000,1,56,32,4,4,1,1,2,4,6,-2,0,6),(953,'mu',79,1,8,4.45833,10,554,2,70,45,20,10,15,75,68,7,2,6),(954,'mu',80,1,23,5.41667,7,393,5,47,31,13,8,10,50,46,4,1,6),(955,'mu',81,1,9,4.41667,9,554,3,64,43,18,10,15,71,72,-1,1,6),(956,'mu',82,8,12,10.33333,6,62,31,23,20,6,5,9,32,40,-8,0,6),(957,'mu',83,4,20,6.80000,6,260,16,31,25,9,4,12,39,48,-9,0,6),(958,'mu',84,3,10,6.55000,7,248,19,39,29,10,9,10,56,41,15,0,6),(959,'mu',85,1,6,2.91667,12,1004,1,109,60,31,16,13,122,82,40,2,6),(960,'mu',86,1,11,6.66667,8,164,21,34,30,9,7,14,48,55,-7,1,6),(961,'mu',87,1,18,7.66667,7,138,24,24,25,4,12,9,35,39,-4,1,6),(962,'mu',88,1,14,6.00000,8,314,12,44,31,12,8,11,45,49,-4,1,6),(963,'mu',89,6,12,10.16667,6,50,33,16,19,3,7,9,16,25,-9,0,6),(964,'mu',90,5,17,10.16667,6,112,25,19,20,5,4,11,27,36,-9,0,6),(965,'mu',91,12,12,12.00000,1,0,51,1,3,0,1,2,2,7,-5,0,6),(966,'mu',92,13,13,13.00000,1,0,52,3,3,1,0,2,8,10,-2,0,6),(967,'mu',109,1,20,8.33333,4,156,22,18,16,4,6,6,22,28,-6,1,6),(968,'mu',113,4,4,4.00000,1,64,30,7,6,2,1,3,10,8,2,0,6),(969,'mu',116,7,13,10.00000,2,44,36,10,7,3,1,3,20,21,-1,0,6),(970,'mu',117,6,7,6.50000,2,94,28,11,8,3,2,3,13,14,-1,0,6),(971,'mu',118,3,14,6.25000,3,170,20,19,14,6,1,7,23,27,-4,0,6),(972,'mu',119,1,6,2.50000,3,286,14,35,16,11,2,3,37,24,13,1,6),(973,'mu',120,14,17,15.50000,2,0,47,4,6,1,1,4,4,11,-7,0,6),(974,'mu',121,16,24,20.00000,2,0,48,0,6,0,0,6,4,20,-16,0,6),(975,'mu',122,12,12,12.00000,1,20,43,6,4,2,0,2,10,7,3,0,6),(976,'mu',123,14,14,14.00000,1,12,45,9,4,3,0,1,8,4,4,0,6),(977,'mu',126,16,16,16.00000,1,0,54,4,3,1,1,1,2,2,0,0,6),(978,'mu',128,15,15,15.00000,1,0,53,2,3,0,2,1,5,7,-2,0,6),(979,'mu',129,8,8,8.00000,1,38,41,6,4,2,0,2,4,8,-4,0,6),(980,'mu',130,1,7,4.00000,2,100,26,17,9,5,2,2,20,18,2,1,6),(981,'mu',131,19,19,19.00000,1,0,55,0,3,0,0,3,3,8,-5,0,6),(982,'mu',132,9,9,9.00000,1,32,42,7,4,2,1,1,10,7,3,0,6),(983,'mu',133,15,15,15.00000,1,8,46,7,4,2,1,1,5,3,2,0,6),(984,'mu',134,13,13,13.00000,1,16,44,5,4,1,2,1,5,6,-1,0,6),(985,'mu',135,1,8,4.50000,2,100,27,11,10,2,5,3,17,21,-4,1,6),(986,'mu',136,6,6,6.00000,1,50,34,10,5,3,1,1,11,8,3,0,6),(987,'mu',137,21,21,21.00000,1,0,56,2,3,0,2,1,2,3,-1,0,6),(988,'mu',36,8,8,8.00000,1,38,46,7,4,2,1,1,12,13,-1,0,7),(989,'mu',37,2,8,3.50000,3,253,22,27,15,8,3,4,36,25,11,0,7),(990,'mu',38,4,4,4.00000,1,64,34,9,6,3,0,3,14,17,-3,0,7),(991,'mu',39,1,7,3.50000,4,319,14,36,21,11,3,7,36,26,10,1,7),(992,'mu',40,7,8,7.50000,2,82,31,17,9,5,2,2,15,12,3,0,7),(993,'mu',41,11,11,11.00000,1,0,59,1,3,0,1,2,4,7,-3,0,7),(994,'mu',42,7,7,7.00000,1,44,43,5,4,1,2,1,2,1,1,0,7),(995,'mu',44,6,6,6.00000,1,50,41,6,4,2,0,2,3,4,-1,0,7),(996,'mu',45,2,15,6.08333,5,271,19,29,23,8,5,10,30,36,-6,0,7),(997,'mu',46,10,10,10.00000,1,0,58,2,3,0,2,1,1,2,-1,0,7),(998,'mu',47,1,12,5.00000,6,388,9,37,26,10,7,9,46,43,3,1,7),(999,'mu',48,1,11,5.82143,9,378,11,60,38,16,12,10,66,58,8,1,7),(1000,'mu',57,2,12,7.57143,8,172,24,37,30,10,7,13,54,49,5,0,7),(1001,'mu',58,2,18,6.07143,9,433,6,56,39,16,8,15,72,67,5,0,7),(1002,'mu',59,2,8,5.75000,10,380,10,71,46,20,11,15,77,74,3,0,7),(1003,'mu',60,2,19,6.00000,9,450,5,64,42,19,7,16,74,75,-1,0,7),(1004,'mu',61,1,22,6.91667,8,335,13,46,33,14,4,15,48,44,4,1,7),(1005,'mu',63,1,16,6.21429,9,393,7,57,38,15,12,11,70,62,8,1,7),(1006,'mu',64,2,18,5.58333,7,293,16,35,29,8,11,10,45,48,-3,0,7),(1007,'mu',71,8,22,12.83333,6,38,44,12,20,3,3,14,20,36,-16,0,7),(1008,'mu',73,5,5,5.00000,1,56,39,4,4,1,1,2,4,6,-2,0,7),(1009,'mu',79,1,14,5.16071,11,566,3,76,49,22,10,17,81,73,8,2,7),(1010,'mu',80,1,23,5.41667,7,393,8,47,31,13,8,10,50,46,4,1,7),(1011,'mu',81,1,9,3.85714,11,790,2,88,55,25,13,17,91,81,10,2,7),(1012,'mu',82,8,17,11.28571,7,62,36,26,23,6,8,9,38,46,-8,0,7),(1013,'mu',83,4,20,6.80000,6,260,20,31,25,9,4,12,39,48,-9,0,7),(1014,'mu',84,3,10,6.50000,8,304,15,48,34,13,9,12,70,50,20,0,7),(1015,'mu',85,1,12,3.54762,13,1024,1,118,64,34,16,14,130,85,45,2,7),(1016,'mu',86,1,11,6.26190,10,228,23,51,40,14,9,17,66,68,-2,1,7),(1017,'mu',87,1,18,7.66667,7,138,26,24,25,4,12,9,35,39,-4,1,7),(1018,'mu',88,1,14,6.14286,9,342,12,51,35,14,9,12,53,53,0,1,7),(1019,'mu',89,6,23,12.00000,7,50,40,16,22,3,7,12,21,34,-13,0,7),(1020,'mu',90,5,17,10.16667,6,112,28,19,20,5,4,11,27,36,-9,0,7),(1021,'mu',91,12,12,12.00000,1,0,60,1,3,0,1,2,2,7,-5,0,7),(1022,'mu',92,13,15,14.00000,2,8,53,9,7,3,0,4,17,21,-4,0,7),(1023,'mu',109,1,20,8.33333,4,156,25,18,16,4,6,6,22,28,-6,1,7),(1024,'mu',110,6,6,6.00000,1,50,42,6,5,2,0,3,7,10,-3,0,7),(1025,'mu',113,4,4,4.00000,1,64,35,7,6,2,1,3,10,8,2,0,7),(1026,'mu',116,7,13,9.00000,3,88,30,16,12,5,1,6,31,30,1,0,7),(1027,'mu',117,1,7,4.33333,4,290,17,34,20,10,4,6,32,24,8,1,7),(1028,'mu',118,2,14,5.91667,5,256,21,33,24,10,3,11,37,43,-6,0,7),(1029,'mu',119,1,6,3.16667,5,453,4,52,26,16,4,6,49,34,15,1,7),(1030,'mu',120,9,17,13.33333,3,32,47,11,10,3,2,5,11,18,-7,0,7),(1031,'mu',121,16,24,20.00000,2,0,57,0,6,0,0,6,4,20,-16,0,7),(1032,'mu',122,8,12,10.00000,2,58,37,8,7,2,2,3,12,10,2,0,7),(1033,'mu',123,14,19,16.50000,2,12,51,12,7,4,0,3,10,7,3,0,7),(1034,'mu',125,22,22,22.00000,1,0,64,1,3,0,1,2,2,8,-6,0,7),(1035,'mu',126,16,20,18.00000,2,0,56,7,6,2,1,3,5,12,-7,0,7),(1036,'mu',127,14,14,14.00000,1,12,52,6,4,2,0,2,7,5,2,0,7),(1037,'mu',128,11,15,13.00000,2,24,48,9,7,2,3,2,13,12,1,0,7),(1038,'mu',129,8,17,12.50000,2,38,45,9,7,3,0,4,7,16,-9,0,7),(1039,'mu',130,1,13,7.00000,3,116,27,20,13,6,2,5,23,24,-1,1,7),(1040,'mu',131,19,19,19.00000,1,0,62,0,3,0,0,3,3,8,-5,0,7),(1041,'mu',132,8,9,8.50000,2,70,33,15,9,4,3,2,20,12,8,0,7),(1042,'mu',133,6,15,10.50000,2,58,38,14,9,4,2,3,10,8,2,0,7),(1043,'mu',134,13,24,18.50000,2,16,49,5,7,1,2,4,6,11,-5,0,7),(1044,'mu',135,1,15,8.00000,3,108,29,17,14,4,5,5,22,27,-5,1,7),(1045,'mu',136,1,6,2.75000,3,279,18,30,17,8,6,3,22,17,5,1,7),(1046,'mu',137,16,21,18.50000,2,4,54,6,7,1,3,3,4,10,-6,0,7),(1047,'mu',147,23,23,23.00000,1,0,65,0,3,0,0,3,2,5,-3,0,7),(1048,'mu',149,13,13,13.00000,1,16,50,3,4,1,0,3,4,10,-6,0,7),(1049,'mu',151,21,21,21.00000,1,0,63,1,3,0,1,2,4,8,-4,0,7),(1050,'mu',153,18,18,18.00000,1,0,61,1,3,0,1,2,5,9,-4,0,7),(1051,'mu',155,3,8,5.50000,2,74,32,13,10,4,1,5,11,13,-2,0,7),(1052,'mu',156,16,16,16.00000,1,4,55,7,4,2,1,1,7,6,1,0,7),(1053,'pt',60,7,7,7.00000,1,44,2,4,4,1,1,2,7,9,-2,0,1),(1054,'pt',61,6,6,6.00000,1,50,1,6,4,2,0,2,4,3,1,0,1),(1055,'pt',64,12,12,12.00000,1,0,3,0,3,0,0,3,3,8,-5,0,1),(1056,'pt',60,2,7,4.25000,3,226,1,23,15,7,2,6,26,23,3,0,2),(1057,'pt',61,6,10,8.00000,2,50,2,9,7,3,0,4,7,9,-2,0,2),(1058,'pt',64,12,12,12.00000,1,0,3,0,3,0,0,3,3,8,-5,0,2),(1059,'pt',60,2,7,4.16667,5,386,1,40,26,12,4,10,42,43,-1,0,3),(1060,'pt',61,3,10,4.66667,4,235,2,26,18,8,2,8,26,21,5,0,3),(1061,'pt',64,5,12,8.50000,2,56,3,7,7,2,1,4,11,13,-2,0,3),(1062,'pt',60,2,10,4.87500,6,386,1,42,29,12,6,11,44,47,-3,0,4),(1063,'pt',61,1,10,5.00000,6,335,2,42,27,13,3,11,42,34,8,1,4),(1064,'pt',64,5,12,8.66667,3,56,3,10,10,2,4,4,14,16,-2,0,4),(1065,'pt',60,2,10,5.30000,7,386,1,46,32,13,7,12,50,52,-2,0,5),(1066,'pt',61,1,11,5.60000,7,335,2,45,30,14,3,13,45,38,7,1,5),(1067,'pt',64,2,12,4.75000,5,249,3,27,21,7,6,8,32,34,-2,0,5),(1068,'pt',60,2,19,6.33333,8,386,1,49,35,14,7,14,57,62,-5,0,6),(1069,'pt',61,1,22,6.91667,8,335,2,46,33,14,4,15,48,44,4,1,6),(1070,'pt',64,2,18,5.80000,6,249,3,29,24,7,8,9,34,37,-3,0,6),(1071,'pt',60,2,19,6.00000,9,450,1,64,42,19,7,16,74,75,-1,0,7),(1072,'pt',61,1,22,6.91667,8,335,2,46,33,14,4,15,48,44,4,1,7),(1073,'pt',64,2,18,5.58333,7,293,3,35,29,8,11,10,45,48,-3,0,7),(1074,'ur',48,8,8,8.00000,1,57,1,4,4,1,1,2,5,9,-4,0,1),(1075,'ur',48,8,11,9.50000,2,57,1,6,7,1,3,3,8,13,-5,0,2),(1076,'ur',48,8,11,9.00000,3,114,1,13,11,3,4,4,16,19,-3,0,3),(1077,'ur',48,3,11,5.75000,5,289,1,32,22,8,8,6,38,40,-2,0,4),(1078,'ur',48,1,11,5.35000,7,439,1,50,31,13,11,7,53,49,4,1,5),(1079,'ur',117,6,6,6.00000,1,75,2,5,4,1,2,1,9,8,1,0,5),(1080,'ur',48,1,11,5.66667,8,439,1,54,34,14,12,8,56,52,4,1,6),(1081,'ur',117,6,7,6.50000,2,141,2,11,8,3,2,3,13,14,-1,0,6),(1082,'ur',48,1,11,5.82143,9,487,1,60,38,16,12,10,66,58,8,1,7),(1083,'ur',117,1,7,4.33333,4,355,2,34,20,10,4,6,32,24,8,1,7);
/*!40000 ALTER TABLE `UNIFIED_RANKING` ENABLE KEYS */;
UNLOCK TABLES;

--
-- Table structure for table `UNIFIED_RANKING_TYPE`
--

DROP TABLE IF EXISTS `UNIFIED_RANKING_TYPE`;
/*!40101 SET @saved_cs_client     = @@character_set_client */;
/*!40101 SET character_set_client = utf8 */;
CREATE TABLE `UNIFIED_RANKING_TYPE` (
  `ID` int(10) unsigned NOT NULL AUTO_INCREMENT,
  `CODE` varchar(2) NOT NULL,
  `LIST_ORDER` smallint(5) unsigned DEFAULT NULL,
  `DESCRIPTION` varchar(40) NOT NULL,
  `COD_TEAM_TYPE` varchar(1) NOT NULL,
  PRIMARY KEY (`ID`),
  KEY `IDX_CODE` (`CODE`) USING BTREE,
  KEY `FK_UNIFIED_RANKING_TEAM_TYPE` (`COD_TEAM_TYPE`) USING BTREE,
  CONSTRAINT `FK_UNIFIED_RANKING_TEAM_TYPE` FOREIGN KEY (`COD_TEAM_TYPE`) REFERENCES `TEAM_TYPE` (`CODE`)
) ENGINE=InnoDB AUTO_INCREMENT=19 DEFAULT CHARSET=latin1;
/*!40101 SET character_set_client = @saved_cs_client */;

--
-- Dumping data for table `UNIFIED_RANKING_TYPE`
--

LOCK TABLES `UNIFIED_RANKING_TYPE` WRITE;
/*!40000 ALTER TABLE `UNIFIED_RANKING_TYPE` DISABLE KEYS */;
INSERT INTO `UNIFIED_RANKING_TYPE` VALUES (1,'af',3,'Africano de Seleções','s'),(2,'ai',4,'Asiático de Seleções','s'),(3,'al',10,'Alemão','c'),(4,'am',2,'Americano de Clubes','c'),(5,'ar',7,'Argentino','c'),(6,'as',1,'Americano de Seleções','s'),(7,'bi',5,'Brasileiro Internacional','c'),(8,'br',1,'Brasileiro','c'),(9,'co',9,'Colombiano','c'),(10,'ep',11,'Espanhol','c'),(11,'es',2,'Europeu de Seleções','s'),(12,'eu',3,'Europeu de Clubes','c'),(13,'in',8,'Inglês','c'),(14,'it',6,'Italiano','c'),(15,'ms',5,'Mundial de Seleções','s'),(16,'mu',4,'Mundial de Clubes','c'),(17,'pt',12,'Português','c'),(18,'ur',13,'Uruguaio','c');
/*!40000 ALTER TABLE `UNIFIED_RANKING_TYPE` ENABLE KEYS */;
UNLOCK TABLES;
/*!40103 SET TIME_ZONE=@OLD_TIME_ZONE */;

/*!40101 SET SQL_MODE=@OLD_SQL_MODE */;
/*!40014 SET FOREIGN_KEY_CHECKS=@OLD_FOREIGN_KEY_CHECKS */;
/*!40014 SET UNIQUE_CHECKS=@OLD_UNIQUE_CHECKS */;
/*!40101 SET CHARACTER_SET_CLIENT=@OLD_CHARACTER_SET_CLIENT */;
/*!40101 SET CHARACTER_SET_RESULTS=@OLD_CHARACTER_SET_RESULTS */;
/*!40101 SET COLLATION_CONNECTION=@OLD_COLLATION_CONNECTION */;
/*!40111 SET SQL_NOTES=@OLD_SQL_NOTES */;

-- Dump completed on 2010-05-23 11:36:44
